id,name,age,salary,department_id,address
84972,Matthew Bartlett,55,2699.92,4,"30121 King Crossing Apt. 802
Arnoldmouth, AS 69581"
97957,Melissa Watson,50,5629.49,3,"1260 Hector Mission Apt. 708
Hansonborough, LA 96360"
68190,Brad Williams,23,3791.32,2,"25237 Eugene Streets Apt. 120
Rioschester, DC 19976"
35024,Timothy Reynolds,51,3583.03,5,"943 Leon Trail
New Jennifer, RI 80839"
6806,Robert Sanders,60,4816.63,4,"9393 Gregory Route
Mercadoville, IA 94091"
53549,Matthew Wright,29,5783.52,1,"Unit 3428 Box 7385
DPO AE 73410"
35653,Bradley Lee,57,5462.52,5,"24773 Gray Streets
West Clayton, LA 06799"
12550,Joshua Woodard,48,5327.73,4,"72763 Amanda Mountain Apt. 930
Danielport, WY 86217"
83194,James Reed,42,3333.43,5,"4765 Moore Forks
Cookshire, MT 62647"
58653,Heidi Day,37,4684.81,3,"Unit 6124 Box 0218
DPO AE 74674"
5435,Donald Johnson,39,2661.7,1,"8604 Blackwell Mission Suite 829
Kimburgh, MP 52789"
47359,Matthew Pham,56,2573.4,2,"41036 Bartlett Forks
South Robertton, NM 50921"
25679,Bobby Lam,59,3006.7,4,"USCGC Bowers
FPO AP 55802"
40459,Ann Frank,48,3223.62,4,"6774 Davis Rapid
Joneshaven, WY 13715"
95091,Veronica Castillo,26,3117.11,4,"891 Erik Radial
Lake Kathrynburgh, VA 69008"
29926,Kimberly Graham,41,5051.4,3,"81646 Mendez Way
Barbarachester, GU 83414"
50683,Peter Gordon,26,3653.97,3,"847 Hale Port Apt. 605
New Richardhaven, OK 73804"
20182,Debbie Perry,59,5485.17,5,"2145 Shepherd Spring Apt. 710
New Carolyn, TX 98626"
15774,Michael Williams,32,2951.09,2,"USNS Barnes
FPO AA 01009"
78328,Johnathan Patel,28,3264.11,3,"4105 King Corners
Katherineville, ME 19177"
95768,Brian Perez,37,3697.34,3,"PSC 4368, Box 5730
APO AE 37865"
61976,Melissa Guzman,53,4482.75,3,"2680 Steven Loop
Browntown, MT 40839"
18173,Carlos Leblanc,57,5520.51,3,"727 Daniel Harbor
New Angelicaton, AK 69022"
87702,Robert Shaffer,55,3635.08,4,"8268 Wyatt Alley Suite 667
Jasonville, RI 37204"
4932,Jason Bell,56,5708.07,5,"43690 Shaw Mission
Autumnbury, LA 60167"
52869,Michelle Gardner,35,4813.54,2,"735 Holly Unions Suite 010
New Aaron, WV 85637"
58946,Matthew Holmes,31,2936.69,4,"81375 Tyrone Lodge Suite 274
New Emilyside, MT 42236"
22388,Sheila Clark,21,4118.87,2,"07514 Cox Mountains Apt. 002
New Jessicaville, AL 72482"
45027,Wendy Long,44,2930.95,1,"38655 Flores Viaduct
Brendaland, GA 04932"
11858,Christopher Nelson,59,2613.47,5,"060 Smith Underpass
South Jeffrey, MI 72728"
55989,Tammy Robles,60,3411.92,4,"06151 Smith Bypass
Georgeburgh, PA 58190"
9853,Andrew Griffith,30,2930.49,5,"63243 Powers Garden
Sandrafurt, OR 54943"
72881,Allison Grant,56,5061.0,3,"USCGC Harris
FPO AA 70142"
41479,Rachel Hall,46,3434.03,5,"8950 Thomas Harbors Suite 790
Port Dominique, DE 35406"
36795,Bobby Jones,58,5489.48,5,"27139 Dickerson Plaza Apt. 160
Lake Heatherstad, PW 28278"
28522,Robin Anderson,45,5681.75,5,"771 Rodriguez Villages Apt. 286
Jennyshire, RI 54534"
16350,Robert Sellers,53,3089.49,4,"2022 Johnson Springs
West Vanessatown, TN 65201"
19084,Carlos Lynch,30,5655.91,3,"43539 Angela Meadows Apt. 203
East Brittanyville, CA 02317"
33727,Evan Stanton,30,2998.3,2,"94206 Bradley Bridge Apt. 310
Shealand, VT 89862"
53326,Eddie Mayer,42,2753.42,4,"717 Nicole Ramp
Bellmouth, NE 55146"
62385,Kathryn Rios,39,5315.56,1,"13358 Renee Square
Boydstad, GA 43221"
81226,Kevin Torres,22,3715.35,1,"529 Brown Branch Suite 070
Toddbury, NC 63816"
60525,James Hill,34,5682.24,2,"147 Richard Centers Apt. 290
Denisefurt, MI 16061"
2624,Samuel Mayo,22,5204.15,2,"2334 Thomas Ford
West Joshuatown, KS 86965"
72000,Timothy Cortez,24,2966.32,1,"9353 Valdez Parkway
New Wesleyport, NE 38118"
90840,Hannah Morgan,25,3413.13,2,"002 Lee Unions Apt. 483
West Shelby, FM 18093"
80857,Robert Day,21,5147.9,3,"90146 Palmer Mission
Carlaville, NE 74781"
31955,Derek Hart,60,5380.61,2,"1577 Davis Junctions
North Kyle, CT 55439"
39559,Jonathan Smith,52,5070.62,3,"470 Rodney Radial Suite 574
North Davidtown, HI 25378"
60272,Jennifer Castillo,46,3637.87,3,"482 Carolyn Ridges
Davidbury, ID 23034"
75577,Paul Mcdowell,55,5886.79,4,"27733 Braun Stravenue Apt. 190
Debraview, DE 91062"
71691,Frank York,25,5768.84,3,"302 Laura Flat
Port Gregoryport, RI 00726"
19025,Nicholas Scott,60,5993.48,4,"6069 Scott Cape
East Michael, DC 45957"
88786,Emily Williams,21,5023.14,2,"34037 Kennedy Plains Suite 589
Lake Aaronport, NY 67823"
93175,Alexandra Ryan,35,3609.59,1,"51420 Smith Cape
North Deannaside, ME 55352"
3453,Thomas Russell,43,5507.08,2,"75505 Doyle Summit Apt. 363
West David, DC 67042"
39568,Kristin Perry,45,5611.71,3,"373 Manning Estates
Kennethside, FM 49026"
87943,Robert Mcneil,43,5876.2,4,"44368 Gray Walk
Lukeberg, IA 10039"
70019,Sandra Willis,33,4194.19,1,"057 Shane Ramp Suite 715
Wrighttown, OK 75589"
42485,Beth Davis,54,4838.78,5,"261 Donna Brooks Suite 794
Abigailhaven, UT 06263"
26556,Jeremy Garrison,34,4137.21,5,"55160 Camacho Ridge Apt. 518
Lake Victoriafurt, MH 51742"
86446,Jeremiah Horton,34,4341.68,2,"91745 Jones Springs Suite 238
South Debbie, PR 86112"
90605,Kayla Burton,24,4052.46,5,"938 Price Viaduct
Katelynview, VT 80972"
37962,Rodney Liu,30,3927.28,4,"825 Crystal Corners Suite 396
Lisaburgh, MH 33219"
60201,Rebecca Simmons,50,4565.47,1,"818 Moss Trace Apt. 472
Peckberg, IA 00860"
18866,Wesley Martinez,41,3279.1,1,"17086 Johnson Fords Apt. 373
Fostermouth, CA 80386"
16892,Daniel Warren,51,3030.68,5,"23047 Henry Burgs
Lake James, NJ 06958"
6416,Aaron Thompson,50,4414.68,4,"67651 Thomas Turnpike
East Patricia, MH 75856"
84660,Matthew Gibson,38,3390.6,3,"048 Ward Parkways Apt. 116
Beckyborough, NH 46507"
80587,Brandon Alvarez,55,5899.72,4,"9870 John Union Apt. 460
Stevenside, PR 61502"
89989,Michael Welch,38,4221.13,5,"3059 Stephanie Unions Apt. 222
Thompsonstad, CO 56277"
27634,Troy Figueroa,33,5058.35,2,"0963 Stuart Trace
West Marymouth, KS 88427"
56158,Christina Bryant,45,3949.34,4,"27833 Christopher Common
South Christopherfort, KY 25815"
5084,Steven Cortez,44,5846.14,2,"329 Kristine Parkway
East Jefferyton, NJ 16304"
51460,Michael Herrera,20,5237.76,2,"487 Thompson River
Terrimouth, AK 42570"
22980,Zachary Thomas,23,4104.48,3,"307 Christina Freeway Suite 821
West Derek, VI 52887"
42062,Brian Silva,41,4148.6,2,"165 Hunter Ranch Suite 360
Lake Daniel, LA 54612"
92989,Colleen Daniels,42,5939.53,1,"78980 Mcpherson Flat
New Dawnland, HI 30073"
88620,Nicole Shepherd,46,3792.92,5,"9597 Bruce Walk
West Zachary, MH 53898"
45632,Jeremy Copeland,53,4586.95,4,"05847 Barbara Wells Suite 772
North Jamie, IN 20860"
73140,Lisa Ramos,26,5801.96,3,"PSC 1036, Box 6100
APO AE 27451"
36349,Andrea Alexander,30,2555.41,1,"16778 Manning Loop Apt. 918
Torresberg, WY 35331"
93238,Kathleen Moore,35,2519.34,2,"7965 Rodriguez Forks Suite 857
Amandaport, GU 07688"
32632,Suzanne Elliott,37,4158.95,2,"PSC 8265, Box 2261
APO AA 86286"
89465,Melissa Durham,50,4416.26,5,"03362 Jennifer Track Apt. 793
East Williamburgh, OK 90241"
85075,Christine Lopez,32,3155.82,5,"4313 Pacheco Pine
Port Davidton, VA 39665"
43486,Julia Martinez,58,3623.85,3,"Unit 3079 Box 6874
DPO AP 53108"
53544,Paul Long,45,4595.08,3,"6943 Barbara Via Suite 038
Torresfort, LA 84329"
87601,Brooke English,55,5397.63,3,"24957 Adam Light Apt. 357
Destinyhaven, TN 91219"
83396,Daniel Sellers,27,5481.63,5,"PSC 1071, Box 0894
APO AP 40274"
13505,Sharon Dalton,40,3273.27,3,"851 Derrick Route
West Justin, MA 99563"
5032,Ronald Castro,24,3172.78,5,"7672 Small Inlet
Port Christopher, AS 34205"
31774,William Anderson,29,3863.3,2,"6593 Donna Centers
Christinetown, MA 83829"
17618,Larry Perkins,49,2907.3,3,"62346 Katie Isle Suite 976
South Lisa, KY 03806"
97722,Lisa Patterson,55,4823.52,4,"33869 Robinson Crossroad
Matthewbury, NJ 55828"
95536,Sandra Newman,58,3862.48,3,"95138 Kyle Bridge Suite 228
South Susan, WY 83618"
10593,Bill Jackson,22,3996.04,3,"Unit 4147 Box 0301
DPO AP 92990"
29914,Elizabeth Jackson,27,2500.19,1,"22893 Justin Courts
Changmouth, IA 25822"
56293,Kara Martinez,32,2843.93,5,"856 Kristin Wells Apt. 062
Lake Lauratown, FL 45584"
81293,John Anderson,58,5918.19,1,"288 Christian River
New Mark, PA 39093"
4306,Laura Martinez,29,5731.7,3,"Unit 5966 Box 1565
DPO AE 75222"
48204,James Golden,20,5151.51,2,"256 Cory Fall Apt. 585
Holtborough, CT 12760"
8536,James Peterson,42,5031.93,4,"Unit 7869 Box 9919
DPO AE 63367"
5898,Tyler Soto,55,5501.4,5,"USNV Walker
FPO AP 42455"
22733,Emily Becker DDS,20,3951.91,3,"33383 Kristopher Fork Apt. 721
New Markville, PA 33496"
36314,Zachary Mccarty,58,3265.62,1,"95476 Walker Track Apt. 757
East Brandon, PR 43271"
59494,Shane Hawkins,28,3059.41,3,"688 Barrera Burgs Apt. 481
Andrewsstad, NC 86551"
61228,Elizabeth Patton,44,4037.43,4,"174 Gregory Spring Apt. 901
Karentown, UT 12467"
45219,Wendy Perez,37,4452.38,5,"48071 Schmitt Light Suite 912
Mackenziefurt, MP 26203"
68743,Ricky Davis,26,5616.98,5,"6146 Robert Forest
Port Heatherfort, WI 31868"
56177,Laura Elliott,21,5594.97,5,"64466 Miranda Shoals Apt. 770
Lake Jacquelineberg, AZ 17448"
49602,John Schmidt,27,2796.44,4,"24709 Brian Valley Apt. 977
West Jeff, NH 61386"
90433,Andrea Taylor,46,5624.51,2,"67830 Torres Pines
Lake Amandaberg, NY 57182"
501,Robert Franklin,52,4216.23,4,"9439 Anthony Ridge
Kristenport, ID 07978"
21285,Robert Kelley,40,4422.36,5,"29441 Henry Parkways Apt. 651
Port Judystad, CO 47491"
69257,William Burnett,55,3531.94,3,"Unit 6892 Box 2492
DPO AP 38693"
4457,Jeremy Vang,30,3266.28,3,"1640 Taylor Mountain Suite 567
Matthewton, WY 91539"
95139,Candace Murray,28,4963.93,5,"56361 Warren Knolls Apt. 613
Jodifurt, FM 49339"
26948,Aaron Anderson,43,4687.76,1,"45277 Stephanie Extensions
Port David, CA 61480"
89013,Natalie Middleton,50,4573.64,4,"72402 Brandon Ramp
Wrightburgh, NY 07865"
85619,David Martin,53,3770.08,1,"9885 Garcia Tunnel Suite 410
West James, PW 62484"
57065,Austin Collins,42,4677.76,3,"767 Miles Prairie Suite 912
Brownland, PA 61303"
11136,Natalie Savage,48,2756.09,4,"7649 Harold Vista
Dyerview, WY 32848"
166,Scott Tucker,24,4075.96,2,"0161 Amy Corners
Jacksonland, AZ 31234"
64582,Regina Haynes,56,4622.26,2,"5001 Roberts Fort Suite 311
Kennethburgh, KS 76124"
93495,Robert Robinson,58,5226.94,2,"3239 Crystal Land Suite 410
Craigmouth, UT 22458"
91473,Shannon Hughes,54,5233.34,3,"8665 Garcia Crescent
Lake Mary, WY 52954"
66716,Elizabeth Camacho,34,3824.1,5,"58581 Frank Well Suite 113
East Glenshire, MD 20804"
96066,Joshua Hawkins,42,2513.81,5,"8870 Marco Spurs Suite 958
Ruthmouth, CA 77703"
35059,Chris Thomas,25,4257.77,5,"783 Christopher Mountain
West Jamie, IN 74132"
89143,Angela Reyes,34,4482.78,4,"6897 Barrett View Suite 921
Lesliefurt, AL 73310"
10867,Stephen Chandler,57,5921.78,2,"1455 Diana Road
North Sara, AS 66649"
5662,Stephanie Mooney,35,3365.77,3,"79202 Carroll Island
West Debbie, MN 18863"
47325,Kenneth Anderson,58,4350.55,4,"1955 Alex Pines Apt. 292
Justinville, GU 21370"
85810,Mary Sloan,33,4314.05,1,"7239 Tonya Crossing Suite 508
Brettburgh, WY 23578"
99084,Veronica Hart,29,4666.1,5,"PSC 0544, Box 9275
APO AA 75875"
86129,Thomas May,20,3075.32,5,"90504 Brown Track Suite 984
West Henrymouth, DE 14531"
12374,Kevin Carrillo,29,3963.29,4,"3334 Randy Harbors Apt. 755
New Donald, KY 14971"
11065,Jessica Jones,47,4591.81,3,"0521 Paul Common
Lake Christina, MO 87401"
92737,Kevin Santos,22,5875.37,2,"194 Hall Radial
North David, OH 46195"
13399,Holly Cruz,38,2598.68,3,"3437 Rita Village Suite 025
West Marcville, SD 18860"
53306,Kendra Le,55,4590.03,2,"4649 Robert Mount Apt. 129
North David, AL 68588"
52077,Amanda Hawkins,43,4231.89,1,"5917 Robert Trail
East William, CT 31156"
13249,Jerry Knight,54,5340.58,4,"4990 Morales Garden
South Donnaview, NE 16603"
58283,Melinda Glenn,30,4555.61,1,"6581 Curtis Points Apt. 699
North Danamouth, AZ 19312"
76949,Donald Hardin,47,4905.64,2,"9251 Amy Fords Suite 254
Duketon, ND 95273"
23978,Michael Watkins,43,3949.23,2,"USNV Chavez
FPO AA 04510"
28692,Rachael Obrien,36,5609.04,2,"04498 Barr Points
North Mary, NM 88233"
75547,Joseph Chen,60,4082.1,1,"USCGC Graves
FPO AE 58688"
45069,Christina Vargas,27,5346.77,5,"093 Kevin Manors
Stevenville, OK 58108"
60540,Kelly Donovan,55,4271.4,3,"USCGC Hughes
FPO AP 08492"
66867,Jason Summers,42,5488.91,4,"856 Tommy Keys Apt. 207
South Brett, PA 53702"
32106,Benjamin Carson,32,3569.43,4,"9943 William Pines Suite 749
South Annville, KS 83901"
60295,Justin Sullivan,44,3072.64,5,"015 Steven Expressway
New Theodore, MI 15139"
1954,Sarah Perez,47,3603.56,1,"75433 Robinson Glens Apt. 565
South Johnmouth, NV 82170"
87033,Brenda White,38,5728.06,5,"6231 Melissa Loop
South Ryanbury, ND 18596"
94328,Daniel Thompson,46,2739.94,3,"1513 Kim Park Apt. 383
South Billystad, MP 52134"
38647,Shelly Osborne,23,4627.27,3,"147 Jensen Island Apt. 435
Christopherborough, KY 68836"
2385,Jennifer Perez,37,3932.36,1,"3808 Robert Flat
Port Travis, PA 48588"
2949,Gary Snyder,38,5398.32,3,"426 Logan Harbor Suite 913
Ruiztown, WV 16422"
55996,Christopher Lee,44,4068.07,1,"5119 Kaitlyn Harbors
New Brandon, SD 23963"
78,Joe Francis,47,4245.19,3,"69506 Robert Rest Apt. 476
Christineton, TX 46798"
60802,Daniel Wright,34,4639.67,1,"1561 Morgan Forest
Port Katherineside, FM 35540"
3753,Mark Weiss,57,3774.15,2,"4917 Buck River Apt. 674
North Johnville, VA 38920"
51007,Diana Robles,26,4914.67,5,"00172 Jeffrey Rapids
East Carl, MH 82033"
98219,Beth Dickson,48,3218.31,4,"5081 Arias Gateway
Lake Brandonmouth, SD 65152"
34026,Seth Knapp,21,4645.05,3,"52708 Smith Street Apt. 343
North Heidi, AL 30790"
58194,Marilyn Rojas,56,3127.74,5,"USCGC Davis
FPO AA 39014"
33974,Leah Cross,43,4054.63,3,"47606 Camacho Course
Bryanchester, MP 09067"
81773,Patrick Ball,28,5026.98,4,"652 Alexander Burgs
Brandonside, VA 97445"
78486,Barbara Graham,20,4767.08,3,"Unit 9467 Box 9392
DPO AE 41945"
15889,Kristi Evans,43,5550.67,5,"9827 Scott Island Apt. 453
North Stanleyshire, RI 99406"
72287,Shawn Wood,58,4460.53,5,"324 Nixon View Suite 398
Lake Biancaton, LA 74164"
19833,Tanner Parks,27,5484.46,5,"17613 George Walks Apt. 702
West Jacquelinestad, ME 59309"
68906,Spencer Grant,47,5807.44,4,"USS King
FPO AA 78696"
25506,Kathryn Duffy,33,5874.66,3,"1392 Jennifer Course
North Allison, MD 76885"
98459,Christopher Cohen PhD,20,4154.71,1,"1784 Chavez Mills
Johnsonbury, MN 50590"
8428,Christina Edwards,54,3558.09,2,"580 Shelley Lakes Apt. 984
Lake Jeremyfort, OH 81195"
38286,Reginald Estrada,42,4324.13,2,"06580 Sierra Square Apt. 386
West Daniel, AK 54450"
57903,Carolyn Brown,37,4910.89,2,"067 Green Gardens Apt. 362
Rodneyburgh, AS 13294"
39855,Andrew Hamilton,58,5413.88,4,"5047 Lane Keys Apt. 779
Karenstad, NH 91123"
43334,Mike Johnson,42,5661.87,5,"923 Morales Shoals
Millertown, NY 91462"
76263,Thomas Brock,39,3174.65,1,"Unit 1055 Box 6712
DPO AP 18125"
80171,Ashley Murphy,48,5140.04,5,"376 Ayers Ridges
Terriberg, IA 88448"
37195,Robert Diaz,27,5676.01,3,"070 Julie Shore
Lake Angela, UT 72085"
12545,Taylor Davidson,48,4399.83,2,"82409 Allen Shoal
North Joshua, CA 78159"
48373,Robert Pearson,38,3380.74,1,"650 Rivas Plaza Apt. 323
West Johnstad, VA 70752"
877,Tiffany Mcknight,20,4991.84,4,"4287 Foster Motorway Apt. 834
Hernandezberg, ND 83594"
38873,Amanda Monroe,24,5234.42,5,"2281 Jason Manor
Haysland, MD 87394"
1168,Jeff Coleman,29,5656.38,4,"95376 Martin Isle
Mejiafort, OK 96033"
29337,Laura Davis,40,3106.7,5,"500 John Prairie Apt. 186
Port Erica, TX 60390"
51288,Stacey Lopez,21,3053.53,2,"83863 Baird Crossing Apt. 441
Stevefort, MT 69957"
38808,Ricky Harris,43,5636.92,2,"1903 Cohen Mountains
South Scottchester, MN 08871"
31467,Angela Vasquez,58,3399.77,3,"3687 Lee Manor
Rivasville, AS 48493"
70456,Kelly Smith,44,3643.71,4,"282 Allen Trace Apt. 177
Rogersview, DC 06811"
22008,Daniel Fry,27,3312.92,5,"6205 Kelly Harbors Apt. 667
New David, VT 57270"
21728,Robert Garcia,33,5122.18,4,"4006 Taylor Centers
Mallorybury, CO 35452"
85467,Melissa Garrett,31,3809.52,3,"74542 Miller Wells Suite 858
Patelville, AR 39499"
46525,Amanda Stewart,42,5467.12,5,"325 Robert Mission
East Hannahfurt, MA 13538"
98424,Michele Walter,25,5285.88,4,"4117 Timothy Throughway Suite 524
Peterton, MT 44580"
32727,Joseph Saunders,51,3641.61,3,"Unit 6941 Box 6612
DPO AA 59826"
65348,Danielle Wu,50,5406.03,4,"929 Smith Oval
Lake Taylor, NM 21600"
4443,William Cook,42,5766.8,4,"331 Riley Lane Suite 227
Port Christopher, WV 14822"
17968,Heather Mejia,53,3731.35,3,"2232 Thomas Knoll
Riverabury, AS 69872"
89115,Amber Chambers,31,3900.35,3,"857 Morgan Flat Apt. 641
Millerhaven, ID 63951"
84870,Christopher White,20,3256.68,2,"998 Brittany Plaza Apt. 602
Riversborough, VI 08449"
69855,Grant Landry,27,2943.22,4,"0372 Tyler Rue
North Sarah, DC 43529"
60463,Alejandro Woods,56,4195.23,4,"1413 Cervantes Station
New Chase, UT 95943"
94472,Diane Ayala,26,5305.26,3,"0537 Price Villages Suite 192
Velazquezmouth, NV 83566"
56217,Logan Lewis,56,5902.47,1,"8087 Casey Rue Suite 616
South Emilychester, NH 48494"
33787,Hunter Bowen,47,2780.2,3,"232 Heidi Forks
Port Robert, NV 91273"
6033,Jasmine Zuniga,48,4744.5,5,"469 Osborn Lakes Suite 684
Englishland, NH 83383"
85134,John Rogers MD,27,5732.08,2,"5608 Caldwell Shores Suite 616
Ashleystad, LA 12861"
16551,Megan Sutton,41,5182.19,1,"PSC 4070, Box 8287
APO AE 91891"
74959,Tony Willis,53,3552.42,5,"346 Heather Forks Suite 953
East Taraland, MT 70927"
27009,Michael Hill,58,3260.2,4,"490 Joseph Creek
Tonyshire, FL 67355"
57015,Jennifer Berger,46,3681.2,3,"037 Ryan Canyon Apt. 861
Sullivanfurt, WY 25007"
68806,Lisa Jones,36,5615.83,4,"7578 Wilson Point
New William, RI 31364"
68791,Teresa Green,21,2600.99,4,"745 Austin Pines Suite 409
Danielberg, IA 46360"
78733,Jillian Garcia,37,4565.08,3,"813 Johnson Corner Suite 216
Carterchester, NE 77953"
37386,Brittany Rivera,44,4498.18,1,"87779 Mcknight Cape Suite 304
Vancetown, CA 25663"
90777,Bryan Stevenson,45,5896.71,3,"853 Baker Rest Suite 106
Lake Danielberg, IN 73996"
49947,Bonnie Parker,21,4049.45,5,"PSC 5260, Box 0501
APO AA 40766"
6272,Charles Harris,30,3027.89,4,"8512 Ian Inlet
Lake Williamshire, WY 71127"
23207,Melissa Rich,49,5865.62,3,"USCGC Monroe
FPO AE 36501"
43818,Allison Webb,57,4470.61,1,"52817 Brooks Islands
Mayoshire, NJ 23060"
4321,Miss Jasmine Whitaker,42,4997.83,2,"7191 Warner Run
Wareburgh, TX 33495"
56694,Scott Hawkins,41,2790.62,1,"49339 Hughes Hills Apt. 795
North Madisonport, CA 10623"
63531,Anthony Schmidt,33,5178.02,4,"5559 Graves Inlet
Danielchester, IL 70553"
25518,Jonathon Morales,27,3485.86,4,"694 Jonathan Mountain
North Rachelton, PW 84822"
98841,Roger Garner,48,4273.95,4,"2025 Cynthia Key Apt. 601
South Toniside, PR 94156"
74440,Julie Barnes,30,5416.46,4,"1372 Kimberly Tunnel
Scottburgh, ME 84495"
26836,Catherine Brown,53,5070.09,1,"12861 Nicole Glens Suite 513
Lake Jacob, FL 02064"
95386,Amanda Bailey,48,4989.49,3,"0944 Jose Point Suite 253
Calderonmouth, TX 75893"
10827,David Welch,59,5719.6,3,"7320 Walker Road Suite 755
Garzatown, AR 67931"
27125,Matthew Macias,56,3511.13,4,"910 Paul Wall
Katherineview, NE 42229"
43034,Jon Mclean,23,2892.59,5,"805 Scott Views Suite 378
Port Andrew, TN 77456"
6557,Jennifer Lawson,56,4942.8,1,"638 Jodi Villages
North Sharonbury, AL 37683"
30650,Wesley Arnold,23,4509.72,1,"144 Donna Vista Suite 819
East Bethfort, OR 28220"
70969,Mark Miles,24,4687.71,4,"04831 Montgomery Mews Suite 199
Allisonland, MA 40534"
55652,Amber Hess,38,5192.74,4,"9986 Stanley Landing Apt. 157
Lake Lauren, VA 52737"
7821,Teresa Cohen,59,3549.68,1,"USNS Small
FPO AA 68894"
88214,Shannon Richardson,21,5921.1,5,"6095 Barbara Junction
North Jeffery, AR 39786"
43856,Betty Ross,44,3283.98,1,"1692 Martin Dale
Drakechester, SC 10612"
86832,Robert Wallace,26,5104.65,5,"6187 Bryan Locks Suite 737
East Jennifer, IL 35166"
65462,Melissa Cook,41,5279.56,2,"31054 James Pass
Michelleshire, OH 50313"
97720,Courtney Fields,29,3315.59,5,"9175 Sullivan Squares
Higginsville, AL 19225"
60121,Tracy Meyer,57,5500.38,3,"794 Thomas Common
Westville, VA 81414"
93285,Tamara Liu,42,5785.07,1,"43839 Rebecca Inlet
Mariahshire, FM 80875"
72756,Jessica Martinez,28,3257.99,3,"135 Singh Land
Ryanton, VT 46997"
89774,Misty Ashley,21,4795.27,3,"797 Mccarthy Shoals
Lake Mary, WI 89208"
15171,Tiffany Jennings,23,3106.91,2,"27086 Melissa Inlet
Port Sarah, PA 09158"
2903,Brandon Sanders,27,3553.32,1,"899 Lopez Turnpike
Jenkinsshire, TX 50173"
93714,Jennifer Patterson,26,4172.4,3,"4816 Stewart Cove Suite 608
South Katelyn, WA 98171"
88556,Lauren Bell,30,3538.74,4,"74817 Howard Forks Suite 847
West Rachel, OK 63329"
95272,Gina Atkinson,57,3839.01,3,"3251 Garza Ports
Williamsmouth, MP 99575"
51597,John Smith,53,4627.77,3,"8984 Tiffany Oval Suite 904
Lake Joseph, NC 46854"
10304,Jose Morrison,40,3689.25,5,"573 Johnson Plain
Hodgefort, MO 74353"
32904,Sharon Carrillo,42,5485.4,1,"488 Middleton River
Mandyview, WV 01366"
1862,Nicholas Nelson,36,4647.57,1,"64612 Mary Fort
Burnsbury, GA 01939"
58679,Jennifer Austin,51,4990.48,1,"148 Patel Rapids
East Katherine, SD 90335"
35042,Adam Cannon,38,3019.25,2,"36528 Chung Glen Suite 529
Shannonburgh, NE 33245"
78898,Andrew Watson,36,2520.64,1,"5983 Aaron Ville Suite 144
Anthonychester, CO 91040"
66419,Shannon Bryant,29,2598.87,2,"5812 Kelsey Roads Suite 165
East Ronaldhaven, KY 25016"
54671,Nicole Allison,31,3658.4,4,"251 Shannon Fall
Jasonshire, NH 94631"
85956,Caleb Chavez,53,3006.98,4,"118 Hannah Loaf
Wardland, GU 22579"
25227,Michele Simmons,49,4887.32,4,"4902 Wolf Summit Apt. 254
East Cassandra, DE 03259"
18542,Deanna Archer,22,3826.46,4,"6783 Anderson Walks
Moorefurt, MT 80017"
42957,Dawn Clark,53,2788.88,3,"2661 Fields Springs
Kristaland, HI 07786"
16499,Dana Mcfarland,60,4997.67,2,"49363 Rivera Isle Apt. 454
Lake Christopherview, UT 09390"
47923,Norman Brown,27,2632.25,3,"0920 Ramirez Corners
Lake Ashley, MT 98050"
45587,Danielle Quinn MD,27,5394.26,4,"092 Smith Key
Martinezbury, OH 35266"
26584,Christopher Payne,45,2710.53,4,"2407 Cooper Junctions Suite 531
Lake Justinstad, AR 49454"
97653,Russell Sharp,32,3092.7,1,"986 Benjamin Stravenue Apt. 122
Tammybury, UT 97504"
38069,Mrs. Paula Williamson,48,5935.2,5,"PSC 7054, Box 5091
APO AP 11437"
16246,Albert Shaw,27,4588.89,3,"7290 Laura Crescent
Maxville, MA 06699"
83586,Deborah Obrien,59,3290.28,1,"5023 White Plains Suite 364
North Frankville, CO 95159"
65009,Joshua Green,33,2911.36,4,"55609 Brian Summit
East Austinside, VA 15856"
53156,Thomas Roberts,49,4983.73,3,"381 Parker Forest
Lake Paul, KY 48320"
85011,John Garrett,46,5396.29,3,"28956 Audrey Fork Apt. 204
East Keithview, SD 46977"
88367,Kyle Allen,39,4739.73,2,"744 Lopez Way
South Erik, OK 49354"
1894,Jessica Ingram,54,2821.1,4,"USS Lara
FPO AA 74151"
38882,Alicia Stout,41,5689.25,3,"66848 Dixon Manor
West Anthonymouth, NE 20054"
27968,Ryan Evans,51,5783.82,5,"6877 White Streets
South Richard, ID 13022"
69431,Tammy Houston,57,5904.5,4,"793 Amanda Station
Spencerland, CO 31590"
19222,Lawrence Walker,50,4166.31,4,"860 Michelle Common
Leland, RI 76913"
89217,Mario Lyons,52,2660.3,3,"678 Glenn Common
Lake Brendan, RI 14699"
47201,Charles Lyons,43,4789.95,1,"920 Baird Vista
Jasonstad, LA 52612"
89184,John Cooley,54,4114.53,2,"609 Danielle Trafficway
Port Melissa, OR 13088"
33119,David Russell,39,3777.91,1,"000 Green Hills Suite 336
South Javierville, HI 03830"
25042,Michael Smith,59,5487.08,5,"037 Rodriguez Plains Apt. 311
West Brandonside, CT 53988"
18513,Amanda Harper,21,3218.52,2,"USCGC Rodriguez
FPO AP 47249"
89935,Andrea Wise,47,3311.69,3,"852 Connor Station Apt. 358
Donaldchester, MT 85972"
70434,Lawrence Smith,53,3575.98,2,"7942 Williams Square Suite 666
West Samanthaland, SD 85707"
18498,William Walker,57,5880.1,4,"319 Patterson Estates Suite 546
New Paulfurt, MS 15049"
80512,Anthony Rodriguez,36,5600.39,4,"010 Michael Mews Suite 155
Perezville, IN 93823"
69852,Jason White,48,5501.21,1,"Unit 4225 Box 4197
DPO AE 55525"
37312,Francisco Bates,38,3209.65,3,"20925 Meyer Crossing
Smithville, WY 33831"
29767,Victor Wallace,29,4378.14,1,"91621 Peterson Coves
West Douglas, OR 74221"
42473,Heather Thompson,37,2854.66,2,"Unit 9043 Box 1466
DPO AE 30997"
55406,Troy Brady,41,5184.44,5,"2012 Steven Shores
Brightberg, HI 58921"
59179,Reginald Martinez,44,5319.29,2,"Unit 4376 Box 3732
DPO AA 38499"
7147,Brandy Wall,32,5440.86,4,"270 Rebecca Glens Apt. 886
West Christineton, IN 96008"
91296,Andrea Smith,44,3364.44,4,"9588 Harris Fields
East Rachelhaven, MA 66085"
51655,Jessica Vang,31,5726.44,2,"94820 Jonathan Corner
Lake Scott, OH 31054"
64494,Beverly Sanchez,37,2726.06,5,"USCGC Mathis
FPO AE 02223"
86421,Cory Davis,58,2918.55,3,"USNV Mcclain
FPO AA 72703"
72440,David Torres,27,4043.57,5,"8135 Jordan Turnpike
New Zachary, WI 71135"
78164,Stephanie Tran,37,3750.46,1,"07933 Derek Summit Suite 951
Roseville, MS 58842"
54040,Nancy Vance,20,4913.38,1,"499 Jesus Keys Suite 997
South Tiffany, KY 35080"
26079,Keith Stanley,27,5163.22,1,"01488 George Drive Suite 052
East James, KY 07756"
1245,Laurie Perry,25,2573.77,2,"2785 Timothy Junction
Arellanoshire, VT 62220"
29283,Gene Ballard,21,5476.11,1,"235 Duncan Well Suite 433
West Johnfort, SD 56331"
22241,William Morgan,60,2607.75,4,"PSC 2336, Box 0443
APO AP 07140"
31060,Jordan Buckley,31,5935.46,3,"76587 Melissa Key Apt. 637
Richardfort, GA 51297"
51927,James Williams,48,3517.22,5,"0346 Stephanie Mount Suite 312
North Michellebury, NY 40973"
85688,Megan Morales,59,4934.03,2,"65995 Morrison View
West Gabriela, NH 33817"
50597,Janice Robinson,44,2718.43,3,"8782 Smith Crossing
Leslieville, CT 97268"
57627,John Taylor,22,3979.02,1,"88295 William Throughway Apt. 029
East Spencerfurt, AZ 35634"
78672,Yvonne Brown,38,4862.51,5,"124 Matthew Walk Apt. 679
Zacharyfort, GA 77227"
8039,Hunter Wilson,39,3481.34,3,"857 Hayes Cape
Port Barbarabury, ND 47276"
14729,Edwin Campbell,48,4190.83,2,"0775 Pearson Wall Suite 631
Ricefurt, MN 26048"
21870,Daniel Romero,56,3245.71,3,"2996 Olsen Springs Suite 354
Cherylton, CT 72925"
21929,Jesus Randolph,27,5749.25,4,"43498 Tara Locks Suite 443
North Timothyburgh, NJ 80066"
47130,Peter Vaughn,26,4041.21,5,"751 Larry Lakes Suite 758
Lake Kevinmouth, VI 93219"
32268,Jonathan Payne,42,5759.48,3,"40809 Adam Radial Apt. 638
Lake Aaron, DE 88109"
31518,Margaret Black,49,4423.57,4,"4255 Franklin Trafficway Suite 321
South Jeffery, GU 52145"
14890,Colleen Taylor,30,4268.98,4,"8857 Peters Fall Suite 438
Port Brianna, MP 81185"
84888,Amber Hale,43,5896.61,3,"7920 Gallegos Port Suite 600
West James, MN 10061"
2030,Amber Mills,23,3843.61,1,"55667 Erika Lake
Phillipsberg, WV 14043"
5722,Angelica Miller,38,2688.78,2,"USS Bolton
FPO AA 39577"
38055,Angela Walker,47,2949.99,5,"6695 Jeff Pass
Gravesside, FM 60576"
509,Dustin Thomas,55,2709.82,3,"PSC 0027, Box 4265
APO AE 43401"
76783,Michael King,22,2681.68,2,"0213 Franklin Villages
Newmanborough, AL 46555"
4666,Hannah Schwartz,22,4155.61,1,"5631 Samuel Wells Suite 825
Anthonymouth, ND 90906"
38621,Hunter Cobb,46,5362.39,4,"05610 Bender Forks Suite 818
Port Gregg, LA 70995"
18584,Joseph Evans,40,3675.06,5,"4627 Mosley Run
East David, MH 70791"
25599,Albert Hudson,50,5000.09,5,"62599 Murphy Centers
South Vincentport, PW 68608"
22984,Lauren Juarez,26,3711.27,5,"2552 Rivas Corner
Port Dawnhaven, GU 46375"
15639,Alexander Powell,26,4272.03,2,"886 Sanders Ranch Suite 238
Lake Scottshire, NE 92129"
58652,April Robinson,20,4395.44,1,"022 Long Track
Port Jeannestad, MP 37538"
54738,Michele Lewis,51,3930.71,3,"7612 Nichols Forks
Maxwellhaven, VA 93491"
82487,Ashley Bailey,49,3417.45,2,"PSC 8729, Box 9144
APO AA 30881"
15526,Maria Jackson,50,3520.28,3,"6948 Bell Streets
Alexanderport, PA 57485"
59983,Diane Thompson,32,4863.63,5,"3139 Kevin Forges Suite 134
West Ryan, WI 94844"
54113,Mark Clark,55,5607.68,2,"501 Steele Knolls
Lake Calvin, TN 17269"
13195,Dan Cohen,38,3986.23,2,"USNV Sanchez
FPO AA 47803"
56805,Brian Todd,26,4912.29,4,"622 Scott Lake
Crosston, NC 96198"
24209,Mrs. Sandra Cook,40,3357.4,3,"2436 Rachel Ranch
North Audrey, FM 88854"
44134,Tracy Jefferson,21,2943.12,1,"561 Joyce Lodge
Bryantborough, MD 64403"
39119,Carol Becker,29,5097.36,4,"9130 Ross Stravenue
Kelleyshire, MH 79852"
2140,Samuel Mendoza,49,5296.17,3,"3884 Simpson Expressway
Lake Thomas, NV 22078"
48911,Whitney Fowler,51,3037.91,3,"6337 Martin Way Suite 252
New Randyville, AZ 49967"
46555,Donald Carlson,22,2808.43,4,"109 Juan Parkway Apt. 727
Mcneilport, VT 65394"
16244,Troy Campbell,51,4156.71,5,"127 Curtis Roads
Johnport, NE 92864"
67820,Ronald Andersen,34,4234.42,2,"864 Henson Lodge Apt. 695
Cooperfort, NE 62775"
8581,Charles Weber,45,4149.48,1,"137 Lee Street
Port Ginahaven, CO 26516"
66418,Ashley Martinez,24,4042.15,2,"74835 Kelsey Vista Apt. 542
East Christopher, FL 20297"
9716,Christina Jones,53,3631.73,4,"85044 Peterson Ridge
Curtisburgh, GU 98514"
59522,Brian Hall,47,4469.33,4,"28225 Collins Tunnel
South Darrenmouth, WI 19286"
49876,Melissa Griffin,35,3436.09,1,"384 Smith Islands
Jameshaven, NY 70050"
65610,Deanna Dean,24,4077.16,1,"20769 Chelsea Station
North Kimberlyberg, AL 82784"
96222,James Ross,34,2925.64,4,"6193 Rose Lights Suite 841
Michaelview, HI 42596"
21812,Lauren Chavez,52,3791.27,3,"658 Lewis Tunnel Apt. 974
Hernandezfurt, NY 64801"
12494,Veronica Brown,25,5160.83,1,"565 Jacob Passage Apt. 865
North Susanbury, CO 41470"
74330,Ashlee Perez,56,5793.63,3,"USNS Kidd
FPO AA 19135"
65768,John Wallace,22,3934.73,2,"USS Howell
FPO AA 67775"
76176,Brendan Wood,25,2574.65,4,"1283 Courtney Avenue Suite 077
Alexanderland, WY 70026"
3991,Megan Smith,23,5674.62,4,"76979 Wendy Extension Suite 310
Lake Aaronland, FL 91307"
77535,Gary Moss,56,4105.26,4,"25445 Patrick Centers Suite 551
East Erika, MS 55544"
32742,Lauren Owens,33,3129.76,5,"Unit 9012 Box 4057
DPO AE 49607"
15249,Monica Thomas,53,5799.41,1,"056 Daniel Centers Apt. 995
Christinafurt, IN 03093"
84762,Erica Lee,23,3917.87,2,"97371 Allen Canyon
Christophertown, MP 89745"
98883,Brian Nguyen,42,4889.88,5,"313 Melissa Plaza Suite 759
North Anna, FM 74278"
14665,Jesse Prince MD,38,4329.99,1,"1855 Long Dam Apt. 083
East Jonathan, IL 27670"
10318,Lori Gray,55,2711.2,3,"575 Vega Junctions
Huffmanhaven, LA 20238"
38129,Andrew Dawson,43,3553.79,4,"3792 Smith Springs
Perrychester, VT 61204"
29409,Richard Garrison,22,4890.68,3,"19485 Stacey Parkways
North William, NE 39743"
33640,Carlos Daugherty,57,3519.82,1,"99712 Carolyn Meadows Apt. 987
North Lisatown, MN 02064"
62312,April Crawford,30,4875.9,1,"493 Gail Mountains Apt. 250
East Jacquelinemouth, ID 58759"
86614,Hector Drake,29,2507.81,5,"01398 Nicole Mountain Suite 893
Ramirezview, AZ 80196"
87124,Joe Johnston,28,3972.51,1,"119 Bryan Alley
Christopherton, MN 94728"
71703,Ryan Smith,25,4545.25,5,"USS Banks
FPO AP 06372"
24293,Karen Adams,55,4992.6,3,"25259 Smith Flats Apt. 509
West Kristiland, SC 17365"
91818,David Shah,34,3853.41,1,"68587 Robert Mews Apt. 848
West Tammy, AL 79827"
84747,Travis Young,34,3848.73,5,"19883 Fox Rue
Port Amanda, AL 23062"
44056,Wendy Flowers,48,5194.46,5,"5169 Aguilar Plains
Marcoside, AS 89438"
38948,John Gray,54,2814.39,2,"0489 Brown Port Suite 264
Perryview, AK 97376"
85353,Christopher Smith,37,5096.1,2,"38189 Johnson Mills
Hensleyfurt, AK 98354"
87492,Linda Parker,29,3577.91,4,"465 Hobbs Forge Suite 250
Candiceville, NJ 13025"
9409,Suzanne Smith,41,2695.61,2,"224 Raymond View
Paigeburgh, NJ 09549"
76030,Olivia Brown,36,5750.01,3,"344 Collins Heights Suite 683
South Jessica, WV 73696"
80535,Kyle Ellison,35,4392.87,2,"138 Kevin Station
Jessicaville, AK 26975"
74863,Alicia Davis,49,3558.38,1,"11793 Moore Drive
Anthonyborough, OH 04923"
18364,Christopher Ramos,31,3495.61,4,"2643 Everett Lodge Apt. 506
Duffyland, NJ 97766"
63660,Dustin Cox,50,3578.56,5,"98943 Rebecca Burg
Rodriguezbury, DE 81865"
47150,Emily Becker,20,5089.72,5,"9502 Rivera Square
Marshallborough, TX 84099"
64305,Justin Hardin,51,4455.9,4,"1620 Butler Islands
Amyborough, ID 91088"
5281,Cameron Compton,25,4783.54,1,"PSC 9085, Box 5566
APO AP 21090"
64731,Curtis Davis MD,39,3242.13,1,"7801 Donna Causeway Apt. 843
Karifurt, AL 06623"
40557,Vincent Graham,47,4987.87,3,"23990 Mario Ford Suite 526
West Brandonland, TX 47731"
59816,Elizabeth Thomas,41,3540.73,4,"Unit 5881 Box 7558
DPO AP 47142"
66136,Barbara Robinson,35,5580.22,3,"PSC 9149, Box 7219
APO AE 97987"
10907,Pamela Franklin,51,5594.76,5,"7416 William Crest Apt. 831
North Stephanie, GU 19693"
24099,Christy Zimmerman,44,5398.92,3,"USS Ramos
FPO AP 72633"
81326,John Mercado,42,5680.48,1,"27436 Garcia Fords Suite 023
Lake Lindashire, LA 24666"
96541,Jason Taylor,43,2792.69,1,"498 Bowers Park Apt. 438
Lake Nicole, KY 79014"
67440,Kelly Patterson,32,4145.18,1,"97046 Kayla Walks Suite 302
New Lauren, ME 64710"
99942,Catherine Robinson,33,4276.91,2,"055 Jill Rue Apt. 202
North Samuelland, ID 79195"
91733,Kaylee Glover,24,2760.46,1,"228 Kimberly Camp
Lorimouth, OK 70897"
97343,Michael Hayes,24,3095.56,3,"778 Valentine Throughway
Lake Christopherland, AK 23514"
96379,Bridget Rose,34,3382.41,1,"5325 Hill Trace Apt. 270
West Jimmy, WI 18812"
90361,Robert Medina,30,3554.79,4,"5685 Michael Junctions Suite 458
North Janet, DC 05650"
54957,Jennifer Mclaughlin,31,5104.14,2,"63438 Floyd Inlet Apt. 920
Port Mollychester, ID 20749"
48042,Jerry Phelps,44,4102.69,4,"346 Brandi Tunnel Suite 960
Joshuaport, SD 68780"
73467,James Patel,56,4240.07,4,"5611 Stephen Valleys
North Jasonmouth, NC 14365"
96065,Alex Santos,30,2553.83,3,"USCGC Sims
FPO AE 38082"
7415,Eric Montes,35,5413.2,2,"2175 Jeffrey Pines
Nathanielport, IN 17620"
39459,John Walker,26,4927.82,5,"3030 Amy Circle
South Darrenville, VT 15797"
23875,Diana Herman,46,3093.46,4,"969 White Mall
Sarahton, NM 51021"
68451,Jennifer Reyes,33,4100.7,2,"Unit 6881 Box 5485
DPO AA 47094"
6724,Angela Sellers,33,5883.23,4,"Unit 6976 Box 4164
DPO AP 87296"
10778,Jonathan Thornton,42,4419.25,2,"8200 Frye Junctions
South Lorichester, LA 27210"
3621,Lawrence Howell,50,2573.84,2,"Unit 9001 Box 4004
DPO AA 39336"
27251,Laura Thomas,24,4300.6,2,"11962 Laura Inlet Apt. 222
West Antonio, PA 46380"
24612,Yesenia Gates,46,4486.8,1,"25355 David Orchard Apt. 562
New Kellyburgh, MN 11763"
73990,Melissa Benton,33,5802.81,1,"17055 Murphy Point
New Christine, TX 07279"
62539,Matthew Shelton,20,3802.5,5,"41341 Stephen Port
West Daisyburgh, TN 63892"
70378,Kevin Nelson,25,3897.58,5,"09968 Thomas Loop
Matthewhaven, DC 31662"
68368,Barbara Mitchell,33,4487.49,1,"444 Sarah Motorway
Riddleborough, VT 13088"
47580,Dominic Rice,20,3041.93,5,"42497 Alvin Skyway Apt. 507
Krystalview, TX 17395"
340,Dorothy Malone,40,5269.76,1,"PSC 5720, Box 9404
APO AE 43912"
47675,Thomas Fisher,46,3756.28,4,"482 John Skyway Apt. 120
Tarahaven, MN 34023"
33105,Michelle Hampton,31,3895.35,4,"7088 White Overpass Suite 251
West Rachel, NJ 29748"
46775,Richard Wolf,21,4048.89,4,"999 Ricardo Branch Suite 403
Robinsonshire, WY 95100"
18419,Robert Scott,55,5897.08,4,"1069 Aaron Walks Suite 548
South Seanport, MN 48908"
60853,Jamie Wallace,26,3834.3,4,"0603 Michael Turnpike
Banksside, AK 83526"
37780,Nancy Sullivan,60,5325.27,5,"054 Walsh Camp
Maryborough, NE 82504"
94041,Olivia Gardner,31,5964.94,4,"20502 Russell Stravenue Apt. 226
Port Tammy, MD 46862"
77557,Barbara Gibbs,34,2816.06,4,"9953 Allison Summit Apt. 619
Port Jessicaland, NH 91481"
36648,William Tucker,52,2634.07,4,"7760 Anna Run
South Michaelhaven, MH 74152"
35175,Gary Zimmerman,32,3417.12,2,"574 Blair Estate Suite 600
Port Susan, MN 55427"
96687,Joe Santos,26,3387.78,4,"37173 Janice Unions
Ramosfurt, OH 42588"
15645,Jessica Smith,49,4394.48,2,"6295 Medina Curve Apt. 868
New Jacob, SC 62269"
82014,Kenneth Porter,44,3177.34,5,"0133 Robert Ridges Suite 765
Jacobview, NE 72413"
2478,Matthew King,46,5203.2,4,"38610 Vickie Fords
South Jasonburgh, MN 12836"
92703,Matthew Reyes DDS,57,5005.14,1,"3335 Rebecca Ridge Suite 250
Lisatown, KS 41243"
56527,Amy West,39,4445.6,4,"7984 Meghan Harbor
Dunnshire, MN 90329"
47853,Jennifer Leblanc,39,4584.34,1,"2196 Cassie Manor Apt. 596
South Melissafurt, NJ 22460"
46077,Jeffrey Silva,58,4518.36,1,"9276 Adam Roads Suite 638
New Marychester, IL 26967"
4553,Benjamin Reed,48,4598.53,1,"3889 Michelle Groves
North Benjaminburgh, IL 23602"
20860,Sarah Edwards,33,2503.08,3,"966 White Fork
East Miguelhaven, WY 40625"
81357,Virginia Alvarez,22,4881.52,3,"11603 Stout Ways
Leetown, MO 84505"
17614,Amy Gutierrez,32,5266.96,2,"37235 Lopez Roads
Mirandaton, MS 27003"
1316,Brian Evans,59,3984.5,3,"8175 Kevin Manor
Mercadobury, AZ 51471"
68968,Martin Garner,46,4494.79,3,"90075 Heather Haven Apt. 629
Port Jessicafurt, PW 56287"
4322,Amanda Weaver,48,3291.01,2,"719 Troy Spur Suite 372
Tammymouth, TN 54270"
14847,Cynthia Freeman,44,2943.82,5,"1500 Hill Lake Suite 392
East Christopherville, ND 28704"
18109,Lauren Cole,31,3200.09,4,"PSC 3595, Box 9314
APO AA 32952"
57058,Shawn Petty,46,4822.95,2,"1979 Melinda Keys Suite 922
Port Michelechester, OR 53650"
82866,Michelle Carson,43,2567.35,4,"669 Maxwell Ramp Suite 596
Johnsonville, MD 24845"
60567,Charles Patrick,34,4739.55,2,"639 Chang Causeway Apt. 983
Waltonstad, NE 38373"
96862,Jeffrey Stevens,51,3018.86,5,"15494 Lindsey Creek Apt. 434
Johnnystad, NC 17376"
72947,Laura Barrera,47,5074.38,4,"03227 Thompson Haven
Hornetown, NV 36533"
30386,Justin Lang,54,3635.26,3,"USNS Tran
FPO AP 44048"
67407,Willie Roberts,40,4973.51,5,"PSC 6915, Box 7269
APO AP 75600"
80904,Nicholas Bush,56,5693.83,1,"15149 Lynn Knoll
Montgomeryfort, RI 81981"
38768,Christian Morrow,42,3102.9,4,"99602 Sanchez Center
New Susan, ND 53040"
63005,Cassandra Graves,44,4005.18,1,"7400 Morales Landing
Turnerfurt, HI 54314"
68001,Susan Curry,37,5545.23,1,"42197 Dale Junction
Millerville, NJ 14976"
3443,Morgan Davis,25,2949.73,4,"63643 Johnson Oval
East Tinafort, UT 08118"
92034,Taylor Estrada,32,3495.15,4,"51187 Fleming Camp Apt. 316
Grantfort, MO 64976"
15398,Andre Doyle,30,5721.55,5,"4535 Michael Mills Suite 643
Lake Michelle, CO 81999"
94155,Joseph Juarez,60,4224.06,3,"830 Elizabeth Place
East Ricky, VT 67248"
57726,Eric Chavez,56,4494.37,4,"40416 Andrew Inlet
Mooneyport, ME 70040"
32101,Dylan Matthews,37,2928.24,2,"0366 Keller Spurs
Robertmouth, WY 09201"
12907,Austin Fields,32,5017.96,1,"92250 Tina Green Apt. 296
Port Peter, GA 33482"
38628,Erica Taylor DDS,44,3703.08,3,"367 Atkins Port
West Joseph, OH 62439"
12112,Sydney Smith,41,3410.12,1,"7754 Diane Centers Apt. 730
East Bethburgh, MI 92557"
1746,Crystal Phelps,55,3229.57,3,"296 Pope Gateway
Erinville, TX 93178"
86584,Lydia Villegas,24,3320.17,3,"49543 Doyle Track
Meganburgh, OR 53698"
88133,Ms. Samantha Meyer,46,3002.66,4,"474 Garcia Rapids Apt. 800
East Shannon, LA 95789"
67239,John Brandt,36,4424.56,4,"62441 Fernandez Knolls
Port Robert, TX 45223"
70692,Natalie Brown,59,4869.25,3,"861 Clay Wells
New James, SD 86538"
51712,Mark Taylor,51,5988.2,5,"Unit 9011 Box 6518
DPO AA 14645"
94231,Jacob Wilson,34,3142.66,4,"090 Victoria Gardens Suite 606
Morganfurt, NV 75760"
81557,Donna Kim,23,4796.43,1,"9826 Austin Ramp Suite 868
Ronaldberg, MH 90641"
61407,Mitchell Watson,59,5538.5,4,"401 Stacey Square Suite 654
South Amanda, IA 78772"
59421,Kathleen Hernandez,43,4796.8,3,"Unit 7654 Box 8546
DPO AE 11919"
76687,Randy Friedman,28,2933.65,3,"3289 Mcmahon Stravenue
South Shannon, RI 37420"
18274,Debra Fuller,35,5320.55,4,"807 Johnson Prairie
Lake Luis, PA 20091"
51551,Nathaniel West,30,3629.76,1,"97161 Pope Radial
Georgetown, CT 73571"
21231,Michelle Hernandez,54,3094.98,5,"59926 Marc Hollow Apt. 073
Brandonfort, HI 79675"
58931,Mark Riddle,41,4082.6,4,"22653 Johnson Freeway Apt. 124
South Patrickbury, MD 64098"
39535,Dominique Rich,56,3298.84,3,"7636 Oconnor Knoll
East Adriennechester, MD 61274"
66903,Denise Livingston,47,3340.84,2,"4436 Elliott Stravenue
South Jerryfort, SD 13206"
31418,Tyler Anderson,35,4164.5,1,"9377 Villegas Manor
Aguilarborough, PW 78015"
96678,Erik Kelley,34,5048.86,2,"903 Theresa Cliffs
Warrenton, KY 64891"
78221,Natasha Mullins,51,4672.21,5,"06631 Burns Keys Apt. 915
Lake Scottborough, OH 92888"
10820,Vincent Henderson,21,2542.64,1,"82375 Smith Turnpike
West Angelafurt, OR 13509"
15270,Christina Barr,60,2594.9,1,"69397 Daniel Well
South Connie, MH 05496"
17924,Pamela Holt,48,4677.52,3,"24104 Simmons Ports
Brandonmouth, NM 03233"
61803,Miguel Benson,47,5432.17,1,"691 Adams Mews Apt. 958
Sheriburgh, ND 46781"
45436,Sara Johnson,52,5807.55,5,"90725 Richards Estate Apt. 519
Elizabethchester, MD 80065"
26562,Susan Whitehead,32,2708.52,2,"11773 Carr Prairie Suite 083
Port Kaitlyn, WY 82296"
83690,Debbie Cochran,32,2676.98,4,"93498 Travis Walks Suite 494
New Sarah, WV 89630"
50578,Susan Stanton,20,2800.71,1,"93499 Lorraine Light Suite 634
West Roger, HI 34525"
36858,Meghan Bradford,33,3722.12,1,"104 Brittany Forest Apt. 953
Lake Maryview, MI 60579"
43640,Lucas Vargas,28,3092.51,5,"18332 Tara Plaza Apt. 572
Fergusonside, MD 29167"
76570,Angela Holmes,31,3862.93,3,"PSC 7093, Box 2586
APO AA 51861"
59835,Donna Jones,46,4469.68,4,"207 Lewis Parks
East Jessica, MT 98837"
18720,Jennifer Singh,52,5225.51,3,"066 Samantha Square Suite 284
Mooreberg, AK 18594"
6957,Kelly White,58,3820.73,3,"212 Wood Rapid
Port Alexander, SD 86369"
74780,Michelle Mullins,48,5624.34,5,"USNS Garza
FPO AE 78015"
80952,Kimberly Tyler,41,5116.33,5,"012 Washington Village
West Joshualand, SD 56509"
50364,Nicholas Middleton,42,5868.18,3,"7615 Peterson Stream Suite 455
Oneilltown, ND 02133"
82194,Zachary Sanders,50,5998.09,3,"5880 Jeffrey Land
Zunigamouth, IA 26036"
95878,Roger Daugherty,45,5642.54,5,"404 Flores Prairie Suite 591
West John, PA 63478"
86350,Shelley Mendez,28,3641.96,1,"PSC 1920, Box 0816
APO AA 99263"
81331,Katelyn Simpson,42,3627.72,1,"797 Jeffery Fords
Brianfurt, CO 87233"
73862,Amy Kelly,50,5454.42,2,"158 Rebekah Ramp Apt. 579
Ambermouth, VA 78119"
82000,Juan Griffin,52,4556.66,4,"7291 Fuller Ranch
Wilsonburgh, WV 56907"
25403,Casey Daniels,37,3035.96,4,"147 Timothy Street
Donaldshire, ND 47999"
10333,Sheena Cook,36,4038.96,5,"63127 Lutz Fields
Jonesberg, LA 14262"
57281,Andrea Farmer,52,3454.52,4,"3503 Rodriguez Lodge
Cookburgh, NV 29476"
34569,Melanie Garcia,45,5387.65,2,"36900 Brown Overpass
South Emily, CO 77550"
99504,Amanda Nelson,21,5942.05,2,"1794 Young Port Apt. 110
North Michaelberg, MT 39162"
22054,Juan Miller,45,4410.4,2,"02393 Leslie Villages
Lake Allen, NC 29343"
81854,Kaitlin Johnson,33,5082.14,2,"99259 Zachary Divide
Smithton, AL 46313"
4383,Denise Jones,33,4236.54,1,"PSC 2293, Box 7452
APO AA 92285"
43196,Tina Nguyen,41,3265.92,3,"7470 Laura Trafficway
Karlstad, MP 10133"
57943,Veronica Lee,44,3721.26,2,"2897 Jessica Divide Apt. 464
Briggsview, TN 44964"
95325,Meghan Ruiz,25,5116.54,3,"15701 Jones Meadow Suite 775
East Lindseyton, AS 16723"
53506,Jason Bates,47,3256.04,1,"Unit 5593 Box 1541
DPO AA 39312"
42571,Christy Mahoney,46,4543.53,5,"761 James Creek
Schneidertown, AS 85292"
593,Catherine Martinez,53,3591.48,2,"9022 Jill Fields Suite 674
South Taylorchester, MH 07534"
20317,Sarah Frazier,23,5296.11,1,"68961 Amber Tunnel Apt. 054
Lake Veronica, HI 75364"
93693,Christina Cook,55,5847.23,2,"4833 Sarah Estate
East Patrick, ND 50211"
22925,Angela Martinez,51,4395.8,1,"2841 Mckinney Flat
North Michelleland, NC 37820"
42145,Karen Boyd,22,3158.53,1,"438 Jennifer Prairie Suite 154
Lake Angelaborough, PR 69307"
99663,Zachary Lopez,55,5297.28,4,"Unit 6906 Box 0698
DPO AP 49716"
76084,Stephanie Foster,26,5585.02,4,"66823 Jose Village
Edwardsborough, KS 05949"
58662,Ryan Davis,28,4380.33,1,"9436 Kristen Mount Apt. 465
Williamschester, SC 77972"
93438,Juan Roberson,29,4075.49,1,"910 Hogan Bridge Suite 523
Millerland, NJ 09566"
67050,Andrew Gould,34,5658.67,1,"144 Perez Manor Suite 663
Kylefurt, CA 38343"
9902,Zachary Johnson,29,5192.54,2,"16370 Martin Loop Apt. 157
Johnborough, DC 23939"
71980,Christina Jenkins,34,5859.93,2,"80105 Megan Island Apt. 654
Annatown, DC 83911"
3005,Katherine Thompson,35,3559.85,2,"88750 Kramer Field Apt. 763
Patrickbury, AR 58888"
58519,Brianna Hunt,20,3353.0,3,"88462 Crystal Walks
Danielton, OR 72855"
86731,John Lee,30,5071.58,3,"0127 Barker Loaf
Williamsville, ND 43442"
16973,Justin Miller,38,5014.28,5,"9249 Savage Rue Apt. 730
Brittanyhaven, MA 62173"
47396,Mark Madden,59,3174.29,3,"USNS Beasley
FPO AE 61110"
41525,Joseph Fowler,49,3865.52,5,"7320 Arnold Crossing Apt. 909
North Kaylahaven, OR 86707"
17390,Haley Hall,49,3941.56,4,"043 Walker Prairie Suite 927
Lake Keithburgh, NE 43183"
96624,Alexander Herrera,41,4882.77,1,"69189 Brian Stravenue
South Rebecca, OR 90458"
85236,Todd Thomas,40,3987.93,2,"6542 Dorothy Canyon
Devonport, AR 99299"
60845,Ryan Carlson,59,5125.03,2,"8581 Garcia Stream
Spencerside, MN 47557"
14946,Frederick Savage,48,4767.52,3,"Unit 1677 Box 8186
DPO AA 79157"
57849,Jonathan Rivas,46,5515.64,5,"59300 Trujillo Well Suite 851
New Daniel, CA 99549"
59084,Brian Howard,43,4876.3,1,"2380 Lewis Ville
Robertsfurt, SD 13274"
98369,Taylor Hughes,50,3079.07,5,"6567 Cooper Oval
Port Billyshire, FM 85274"
12831,Terry Sanders,30,2520.31,3,"PSC 4738, Box 5088
APO AA 36144"
30323,Sherry Raymond,30,3193.42,4,"PSC 9136, Box 2563
APO AE 23177"
74946,John Farley,40,4634.31,1,"32768 Montoya Oval
North Lauraview, PA 23083"
29097,Crystal Randolph,29,4251.49,4,"53088 Adam Burgs
Wolfhaven, MA 62062"
40764,Anthony Stark,37,3187.55,1,"98672 James Station
Evansside, VI 09640"
88076,Michael Rogers,53,3853.3,4,"4877 Sanders Junctions
Robertmouth, WA 69666"
78113,Bruce Jones,38,4528.42,5,"848 Stokes Squares Apt. 522
Brettmouth, HI 65929"
21529,Elizabeth Holt,50,4378.5,3,"70950 Morton View
Cunninghamfort, IN 35827"
14547,Alisha Thornton,55,5646.25,1,"696 Banks Mews Apt. 907
Staceyshire, MH 78502"
87659,Lauren Coleman,57,4638.21,1,"27729 Shelton Shoals Apt. 836
East Ricardo, SD 73819"
92281,Cynthia Allen,32,2566.66,4,"64090 Ayers Route Apt. 580
Alvarezchester, MH 62252"
59747,Frank Robinson,43,4101.24,4,"USCGC Ortiz
FPO AE 00516"
82328,Anthony Bryan,25,3099.39,3,"PSC 2431, Box 3266
APO AA 03849"
36997,Mark Thompson,21,5152.41,4,"0530 Elizabeth Plain Apt. 071
Edgarhaven, AK 90076"
1162,Miss Melissa Sherman,41,3016.88,3,"833 Chavez Branch
Lake Joelbury, WA 67659"
80743,Michael Best,53,2919.01,1,"74783 Alexandria Estates Suite 004
Tiffanyfurt, RI 70801"
13926,Tiffany Davis,31,3731.81,2,"47638 Susan Valley Apt. 654
New Charles, DC 19874"
35964,Cynthia Terry,60,5203.15,5,"1458 Barbara Corner
West Dylan, SC 60757"
39788,Steven Maddox,22,3825.96,2,"05909 Denise Vista
Greenberg, LA 92275"
76455,Michael Parsons,38,2545.15,2,"7860 Joseph Curve Suite 650
North Jasmine, IL 88139"
86492,Mark Zimmerman,59,4604.41,1,"909 Christopher Rest Apt. 323
West Cynthiaport, WY 11110"
30043,Erin Haas,33,4205.0,2,"6104 Ortega Hills
Bradmouth, CO 09395"
80627,Kenneth Warren,55,5138.78,4,"0447 Miller Shoal Suite 299
Bradshawtown, GA 94393"
82086,Rachael Khan,23,4655.51,2,"994 Cole Pine Suite 061
Harrisonborough, IL 47691"
97045,Danielle Gardner,56,4044.62,1,"082 Diaz Port Apt. 281
Robertmouth, SD 23510"
45290,Valerie Gonzalez,57,2535.79,3,"7030 Tara Lodge
Port Kellyland, GA 23844"
41826,Priscilla Baker,38,5061.45,3,"6430 April Rue Apt. 058
Marissaview, IL 09243"
30428,Kenneth Howard,38,4988.52,1,"5134 Crystal Shoal
South Abigail, NH 19854"
28376,Terry Mcdonald,29,5343.27,2,"4661 Jacqueline Estate
Phillipsfort, NJ 98845"
75312,Richard Fisher,21,5662.73,3,"4549 Bates Drive
Lake Arianastad, PR 10806"
50590,Lauren Byrd,42,5086.91,1,"6822 Brennan Fields Suite 490
Maxwellfurt, FM 69720"
4231,Mr. David Fitzpatrick,43,3061.25,1,"4540 Dixon Mission
North Lisafurt, PW 72299"
27622,Jennifer Cain,28,5676.71,2,"3745 Kendra Isle
Leslieland, KY 08070"
28702,Katherine Johnson,44,3759.85,3,"14853 Davis Mews
Jacobstad, MI 95303"
52866,George Garcia,20,4277.03,4,"246 Kevin Island
South Jasonberg, UT 11269"
40928,Benjamin Rose,34,5401.61,4,"978 Kimberly Mews
East Brandon, FL 31580"
98110,Kristen Carr,57,3532.3,2,"3959 Osborne Stravenue Suite 629
Torresport, OK 03609"
43272,Melanie Estrada,41,5558.1,5,"0713 Derrick Mall Apt. 151
North Ryan, MP 50325"
93839,Dorothy Ashley,50,4152.25,2,"Unit 3522 Box 4630
DPO AE 24395"
96431,Monica Hawkins,59,4915.46,1,"35076 Smith Roads Suite 645
West Mackenzie, KS 95996"
71231,Christopher Campbell,54,2731.88,1,"603 Lori Locks
South Walter, LA 71883"
45591,Joseph Brock,32,5171.0,1,"88393 Maureen Trail
New Andreaport, AK 94794"
46158,Stephanie Parks,49,4534.07,4,"40453 Michael Inlet
Lake Brianberg, KS 68635"
45350,Johnny Maldonado,41,4138.06,2,"625 Jennifer Track Apt. 299
Micheleburgh, CA 72152"
69418,Angela Cain,53,4065.15,3,"56881 Anthony Divide Apt. 881
West Adamfurt, OK 44821"
82268,Robert Mills,44,3023.26,5,"874 Michael Pike
Port Erin, AZ 43220"
48408,Alexis Kaiser,27,4063.93,2,"2986 Shepard Plaza Apt. 850
Patriciastad, NH 53168"
61786,Ellen Jones,24,3834.75,4,"06105 Woods Drive Suite 627
North Brendashire, WI 52284"
69955,Chase Thompson,41,4005.75,1,"3978 Samuel Valley
Ianshire, MN 51576"
80402,Megan Weiss,39,3872.21,3,"9060 Mack Brooks
Armstrongview, SD 33684"
18033,Whitney Pierce,45,4521.83,5,"133 Jennifer Station Apt. 375
North Lawrenceside, NC 77815"
1090,Brandon Johnson,23,5258.36,3,"016 Justin Row Suite 629
Wilkersonberg, KY 12195"
51326,Michele Copeland,58,2898.33,2,"Unit 2889 Box 6255
DPO AP 32059"
78060,Brandon Cooper,37,3620.07,3,"6074 Powell Loop Suite 212
Kimberlyborough, CO 30990"
50444,Erik Bernard,60,4075.35,5,"187 Michael Crest
Tiffanyfort, MS 38259"
97918,Austin Mckee,32,2807.72,1,"225 Nicole View Apt. 036
Stevenchester, CT 80250"
62882,Jeffrey Richard,26,3817.52,2,"649 Michael Mountains Apt. 533
Davidville, NM 08103"
71813,Laura Washington,30,2680.98,4,"Unit 2155 Box 2562
DPO AE 92527"
19662,Dr. Matthew Garcia,29,2711.77,3,"USS Hughes
FPO AP 17172"
50703,Debra Ellison,31,3567.27,3,"49518 Brenda Plains Apt. 552
North Richardville, UT 72720"
80683,Emily Rodriguez,23,3300.77,5,"4473 Matthew Dam
North Alexandertown, VA 45398"
35101,Tammy Gregory,29,5063.11,2,"70143 Christopher Points Apt. 266
Huntborough, TX 16833"
32833,Angela Adkins,58,3516.96,3,"360 Jessica Rapids Suite 662
East Kevin, WI 42084"
35604,Donald Bray,29,5131.12,2,"7967 Robert Mews
Matthewborough, ND 62540"
12303,Jennifer Padilla,35,3024.46,3,"636 Diane Lodge
Velazquezview, WV 68254"
80330,Jamie Shea,41,2923.15,2,"0063 Duarte Grove
Skinnerside, VT 08433"
44708,Rebecca Johnson,46,4551.3,3,"892 Weiss Cove
South Elizabethhaven, NM 51430"
96758,George Rodriguez,20,3574.2,1,"USNS Travis
FPO AP 62849"
26489,Dawn Garcia,52,3680.33,5,"669 Amy Ville
Port Christina, MH 73655"
91374,Walter Parker,33,2767.67,5,"613 Schroeder Islands
Carolville, NJ 27863"
59818,Laura Nguyen,43,4766.46,4,"5084 Alexa Club Suite 267
West Stephen, AS 59046"
19055,Amanda Brown,46,4571.31,3,"Unit 2666 Box 4389
DPO AE 37637"
29373,Melissa Rodgers,59,2919.9,3,"603 Jacqueline Port Suite 023
East Nancy, GU 83326"
94550,Jennifer Hughes,42,4642.18,4,"PSC 3472, Box 6515
APO AP 63398"
2144,Kayla Jackson,34,2973.8,5,"297 Brown Fields
East Bradleyhaven, ND 91030"
14396,Melissa Hurst,38,5391.55,4,"447 Snow Ridges
Toddborough, NC 77892"
43456,Charles Glover,26,3202.09,4,"283 John Cliffs Apt. 677
Lauraport, MH 66704"
56037,John Farmer,31,3269.98,1,"61512 Thompson Stravenue Apt. 419
Carrollmouth, VA 29357"
43608,Christian George,31,3154.49,1,"62665 Mcclure Gateway
Lake Lori, AR 90869"
35648,Adam Solis,36,5765.8,3,"59228 Moore Ways
Granthaven, IL 57199"
65646,Christopher Hall,26,5304.78,2,"3900 Ho Vista Apt. 839
Ivanbury, CA 86154"
63366,Dennis Richardson,47,2682.58,4,"585 Cheyenne Street Suite 681
Port Patriciaborough, IA 77517"
59534,Kimberly Rodriguez,55,5005.53,2,"6404 Katie Summit Suite 737
Lake Emily, LA 24629"
54019,Michael Bird MD,51,4749.58,2,"88634 Carrie Fall
South Samanthashire, FL 32354"
15128,Brent Price,48,2918.93,3,"501 Bush Rapid Suite 418
Cookborough, SD 19761"
80929,Brian Turner,20,3762.76,1,"73031 Ernest Flat Apt. 344
Stephenchester, SD 01335"
64669,Timothy Galvan,20,4614.45,2,"516 Harper Brooks Apt. 672
Youngbury, VA 38580"
48094,Adam Kramer,33,5697.79,4,"091 Jeffrey Via Suite 934
Port Jennifer, NH 74755"
26699,Geoffrey Gutierrez,39,2535.52,1,"801 John Landing
Pamelaview, ID 08435"
33953,Erica Pierce,27,5658.04,1,"06098 Shannon Garden
Bradleyview, HI 78518"
71470,Heather Brown,39,4809.18,5,"72256 Veronica Pike Apt. 162
Heatherfurt, WA 96391"
71904,Glenda Hanson,59,5101.13,5,"Unit 6287 Box 8585
DPO AP 53284"
55439,Cassidy West,41,3866.14,4,"169 Andrew Ford Suite 470
Lake Dorothy, NV 24460"
98408,Michael Norman,21,4693.18,2,"7694 Michael Isle
Robertshire, WI 85510"
41281,Natalie White,53,4507.99,4,"107 Holt View
New Theresaside, OR 74939"
60126,Michael Evans,20,5298.18,5,"USNV Warner
FPO AA 33694"
39968,Katherine Holmes,21,3278.76,5,"71110 Hunt Ferry
Tammyhaven, VT 97277"
22680,Keith Weaver,43,5000.69,3,"576 Raymond Common
Amandachester, AK 65136"
17728,Laura Valdez,24,4174.31,1,"22461 Thomas Hill Suite 141
South Eric, GU 04508"
64060,Sheila Cole,52,4226.57,5,"78503 Hernandez Cliff Suite 076
Bensonshire, OH 16149"
85900,Lindsay Abbott,34,5244.2,2,"08955 Jones Way Suite 219
West Dorothymouth, VI 30639"
48754,Susan Knight,36,5996.62,3,"62132 Candice Highway Apt. 014
West Aimeeland, PA 40557"
45187,Heather Ross,51,5228.89,3,"2788 Jose Estates
Port Jenny, MA 53766"
13770,Alan Hernandez PhD,23,2855.22,4,"72003 Michael Burg Suite 477
East Justin, SD 73614"
3606,Anthony Vega,54,4833.54,1,"43874 Miller Ridge
South Paulchester, NC 23060"
87576,Dalton Bennett,28,3935.6,4,"413 Tucker Pines
South Elizabethburgh, KY 03409"
76474,Thomas Morris,51,2861.49,2,"5009 Edward Route
Thomasborough, SD 72342"
69983,Stephen Gonzales,30,3090.54,3,"17670 Bonnie Grove Suite 482
South Wyatt, AZ 97148"
4837,Joe Frye,32,4363.71,1,"249 Samantha Fields
Brooksmouth, FL 29232"
89429,Jenny Turner,59,5247.43,2,"52649 Johnson View Suite 788
Georgeborough, OR 09339"
20751,Angela Russell,30,2792.48,3,"6430 Meyers Junction
Dawsonshire, PA 02787"
42298,Mr. David Smith,26,2744.63,5,"8002 Blevins Glens
Thomasfurt, MD 20217"
22495,Lynn Hernandez,31,5842.59,1,"758 Oconnell Gardens Suite 025
Alexanderberg, ID 97306"
62549,Jasmine Snyder,34,4306.06,1,"02287 Donald Pine
Rodriguezfort, AS 76588"
84818,Stephanie Dunn,21,4199.85,4,"8742 Erin Falls
North Jamesfurt, VI 81165"
97828,Jennifer Miller,22,3796.1,3,"078 Woods Court
Port Amberchester, SC 82697"
97492,Carlos Robertson,30,3327.63,1,"856 Hannah Crossing Suite 085
South Barbaraport, OR 97639"
89820,Stephanie Soto,48,3433.17,5,"71799 Scott Dam Suite 183
Kennedyland, TN 19801"
52576,Emily Carter,24,4569.03,3,"Unit 9350 Box 5920
DPO AE 36097"
66327,Henry Hunt,48,5193.47,3,"8934 Anthony Greens Apt. 904
Port Tammyfort, DC 33101"
63321,Nathan Brown,40,2824.16,2,"55901 Chris Overpass
Lake Karinahaven, WI 38122"
77065,Rachel Smith,37,2960.53,3,"PSC 8921, Box 3978
APO AA 85806"
49877,Daniel Lester,46,5925.5,4,"57911 Mckay Expressway
Earlburgh, MT 08245"
19592,James Morales,59,3673.19,5,"2712 Chad Expressway Suite 445
Ericaburgh, DE 05974"
54590,Jason Myers,40,3015.17,4,"020 Mark Lakes Suite 701
Lawrencechester, NH 76423"
67379,Amanda Jones,34,3108.65,4,"37310 Tami Pass
South Lisa, SC 23542"
41018,Angela Martin,48,3699.91,2,"17945 Martin Forest Suite 437
Tammytown, KY 18557"
41336,David Taylor,60,4040.99,5,"9013 Barbara Dam
Greenberg, UT 04909"
42144,Angela Johnson,59,5111.76,3,"300 Randy Landing
North Carol, MP 62970"
19295,Amanda Hall,29,5720.94,1,"5217 Davies Walk Suite 965
Stephanieburgh, VA 34722"
52154,Aaron Fields,44,2694.51,1,"430 Lewis Corner Apt. 802
Marktown, CO 16409"
26472,Nicholas Flores,27,5280.33,2,"756 Bryan Haven
North Amanda, ID 50233"
2839,Christina Ford,30,3754.0,4,"1764 Williams Cove
Carrilloton, DE 29659"
62741,Christina Wilcox,59,3973.13,4,"1756 Colleen Villages Apt. 837
Smithborough, AK 62396"
99878,Jeff Hill,47,4898.95,1,"679 Candice Creek
East Cathy, LA 78006"
61164,Katherine Collier,54,3557.61,5,"489 Debra Curve
Abigailfort, MS 00843"
23300,David Moran,48,5609.97,5,"35484 Ricky Parkway Suite 299
Jeffreystad, OH 15800"
22605,Lisa Duffy,35,4072.49,4,"4362 Howard Villages Suite 529
Port Brooketon, MP 65552"
74867,Jennifer Gallagher,31,2926.77,4,"12824 Anthony Pike Suite 487
South Dianaview, FM 29679"
96968,Brandon Ho,20,5631.46,3,"848 Crawford Garden Apt. 754
North Anne, WV 53313"
25779,Emily Allen,21,3828.48,1,"669 Robert Meadow Apt. 466
South Deborahland, PA 85123"
23772,Daniel Simmons,30,2728.04,1,"Unit 1097 Box 2247
DPO AA 11818"
94238,Deborah Smith,35,5570.24,5,"99987 Diaz Lakes
Garciafort, AL 63527"
42095,William Pena,42,4237.16,2,"704 Brian View Apt. 342
Lake Tanya, HI 44636"
4203,David Le,58,3002.42,3,"USS Kelley
FPO AE 24565"
3693,Ashley Parrish,51,3018.86,1,"5312 Catherine Hill Apt. 826
New Debbie, MO 47763"
31670,Jennifer English,30,5058.13,5,"478 Tracy Mountains Suite 982
Lake Karen, WA 71108"
82098,William Green,33,4331.54,2,"241 Harrison River Apt. 591
East Jessicaland, WI 07770"
15086,Wyatt Moreno,29,2855.36,2,"310 Richard Ridge
South Johnland, PR 59835"
83435,Casey Rodriguez,50,2562.38,1,"47056 Christine Ways
Lorichester, MS 71408"
57324,Dana Anderson,40,4286.62,1,"860 Nguyen Mills Suite 409
Lake Michaelburgh, MA 28449"
46831,Drew Bolton,27,5418.03,3,"609 Peter Trail Apt. 004
Morganfort, ID 54416"
84586,Christine Washington,40,3751.43,5,"PSC 5766, Box 9062
APO AE 83169"
36667,Maria Perez,42,4966.4,5,"PSC 9529, Box 8502
APO AA 67118"
7328,Michael Kramer,28,2892.37,1,"3355 Smith Courts Apt. 490
North Tracie, PA 51648"
77971,Lisa Benson,46,2574.89,3,"3647 Brown Ranch Suite 667
South Nicholaston, PA 12350"
82822,Cassandra Hayes,59,5793.92,1,"55451 Martin Courts
New Virginiaburgh, PA 46183"
21891,Betty Bradford,57,3207.37,4,"7060 Wallace Islands Apt. 703
Andrefort, OR 81240"
39408,Robert Martinez,29,4181.46,3,"987 Fernandez Lake
Alvarezberg, NJ 25374"
95579,Tyler Wright,56,3989.62,5,"4532 Reed Stream Suite 528
Ashleyview, CO 79415"
83385,Melissa Johnson,22,4949.93,4,"235 Martinez Highway Suite 903
Holmeshaven, VT 91244"
62469,Karina Page,24,5441.08,4,"77960 Cunningham Shoals
Tammymouth, RI 50786"
47965,Joseph Fernandez,20,3217.13,2,"USNV Marshall
FPO AP 36040"
2896,Matthew Carter,23,2661.93,4,"28020 Mueller Point Apt. 972
Meyerberg, MS 75795"
67997,Heather Chen,32,2824.54,2,"13604 Kenneth Landing
Natalieland, OK 89774"
24158,Thomas Collins,25,3746.3,5,"0736 Derek Centers Suite 189
Lake Christopher, MT 37080"
90940,Margaret Salazar,20,4363.98,4,"457 Brian Point Apt. 475
Parkermouth, OH 52199"
53747,Nathaniel Garcia,57,5868.21,1,"78328 Andrew Rapid Suite 405
Zacharyton, DC 27554"
28295,Barry Glover,48,2638.26,1,"842 Frank Haven Apt. 895
East Mark, MT 87314"
79883,Jennifer Martin,31,3425.22,2,"009 Janet Shore Apt. 825
Mooreburgh, MH 21058"
84325,Emily Ball DDS,22,4927.54,5,"USNS Todd
FPO AP 82921"
18690,Christopher Morse,35,4493.37,1,"07147 Patty Trail Suite 671
East Coreyfurt, MO 68030"
55253,Shane Allen,32,3494.16,2,"2439 Lee Ridge
New Breanna, WA 87786"
21071,Jerry Lee,27,5764.79,4,"734 Nathan Ferry
Lake Jilltown, WI 01391"
71744,Samantha Williams,22,5035.38,1,"0062 Alexander Ports Suite 644
Lake Daniel, PW 25556"
64761,Kathryn Stewart,34,4972.18,1,"9251 Lisa Burg Apt. 345
Batesside, GU 24048"
12893,Laura Graham,56,5376.05,3,"734 Robinson Court Apt. 737
Johnsonfurt, ND 73184"
93420,Betty Mccarty,29,5476.26,1,"6548 Penny Coves
Christianchester, AL 75237"
94910,Michelle Parker,47,2767.19,5,"8931 Nicholas Loaf
East Sharonton, MT 61454"
95123,Matthew Robertson,55,2891.79,4,"Unit 1862 Box 5279
DPO AE 47074"
46872,Leslie Berry,28,3532.3,2,"7930 Leroy Overpass
New Robert, CT 28075"
79971,Victoria Blanchard,59,2649.56,2,"276 Chelsea Underpass Apt. 865
Port Shane, NJ 82170"
88910,Christopher Vasquez,51,3230.49,2,"3136 Darryl Roads Apt. 242
Stephaniebury, UT 09941"
50017,Stephen Dorsey,37,5162.75,1,"367 Duffy Pines Suite 830
Derekland, OK 61845"
10173,Brittany Miller,41,5961.7,3,"0517 Kayla Gateway Suite 392
Port Angela, VT 15613"
28381,Katherine Miller MD,37,3112.32,3,"3252 Christopher Flat Suite 255
Samuelchester, VA 90867"
30727,Mark Wilson,23,5082.0,4,"22814 Charles Streets Apt. 808
Lake Diane, ID 73221"
93369,Christopher Maxwell,59,3323.0,3,"1156 Brandon Meadows
East Nathan, DC 05918"
12328,Adam Smith,36,3426.12,3,"6584 Mark Throughway Apt. 785
South Jerryfort, NJ 72900"
25846,Stacy Cox,36,3520.24,4,"603 Rodney Mountains
Ambermouth, MP 49385"
44007,Bonnie Diaz,53,3495.1,1,"417 Morrow Plaza
Lucasville, MI 43653"
23959,Deanna Andrade,29,4304.85,5,"1185 Jennifer Center Apt. 642
Keithburgh, ID 57166"
52035,Carrie Galloway,36,5677.01,5,"263 Griffin Fork Apt. 117
South Jacobmouth, NC 69529"
50629,Jennifer Decker,38,5713.41,1,"12912 Michael View
Lake Lisaport, MI 73951"
77101,Ricardo Mathis,50,3411.95,1,"9757 Jacobson Gardens
Jameshaven, KY 04595"
52246,Katelyn Gay,54,5863.64,2,"Unit 0094 Box 3647
DPO AA 43470"
69642,Kayla Payne,24,4532.23,5,"699 Jason Walks Apt. 290
Hendersonland, ND 56186"
61885,William Mccarthy,25,5997.24,3,"56391 Madison Island Apt. 060
Martinezfort, SC 80208"
24961,Angela Ramos,55,5629.14,2,"0358 Erin Drive
Kennedyhaven, UT 90241"
17532,James Green,60,2539.7,4,"2459 Diaz Point
Lake Jonathanhaven, OH 99741"
48924,Timothy Taylor,25,3341.72,2,"4344 Jeanette Forges Apt. 718
Marksport, NH 99897"
55709,Janice Andrews,30,5198.78,1,"25542 Jacob Brook
Thompsonmouth, LA 81748"
85312,Jessica Soto,30,2789.43,3,"5252 Wong Gardens
New Carol, NY 13802"
68206,Lindsey Grimes,24,2998.29,5,"556 Calvin Drive
North Johnny, SD 72747"
39573,Michael Madden,48,2561.61,3,"193 Andrea Island Apt. 310
Rickyfort, OK 90520"
38487,Brandon Reid,47,5814.01,3,"862 Brown Course
Port Pamelastad, PW 34284"
22379,Tricia Hahn,20,2961.79,5,"839 Warren Well Suite 196
Sheabury, DE 79978"
9081,David Jackson,35,5486.51,2,"21333 Campbell Cape
New Kelseyport, GU 66052"
50832,Judy Hampton,31,4613.29,2,"250 Clay Parkway
South Jacobport, MN 10971"
88617,Eric Hernandez,25,5512.08,4,"17699 Debra Ford
North Roberttown, ID 73817"
62157,Anita Briggs,39,4600.86,3,"3227 William Path
Sanchezport, GU 02850"
93584,Kevin Brady,21,3735.41,1,"785 John Mills Apt. 602
Armstrongland, NY 48790"
17589,Stephanie Gibbs,25,5363.52,2,"6514 James Trail
Charlesborough, VI 48628"
49690,Luke Harrison,52,5825.19,3,"505 Randy Ranch Suite 585
West Cheyennetown, RI 69948"
17967,Melissa Camacho,32,3794.98,2,"730 Mariah Street
Lake Tamaraside, VA 86031"
4832,Christina Hall,28,4023.88,2,"05556 Michael Garden
Beckton, WY 63879"
11041,Kathleen Mccann,52,3596.09,4,"8961 Mclean Gateway
Wagnerborough, ND 43735"
43894,Beth Porter,21,3641.72,3,"403 Anthony Estate Suite 971
North Richardchester, MS 58717"
8584,Nicholas Swanson,30,5876.25,5,"09506 Erik Fork
East Kevin, DE 06458"
99220,Mackenzie Little,20,4964.6,4,"0001 Holt Crossing Suite 375
South Erikaland, SD 24350"
97320,Ian Rhodes,58,4434.1,3,"38981 Jones Glen Suite 667
Stevensland, CO 96505"
57319,Troy Wilson,22,3024.7,4,"515 Jennifer Mews Apt. 980
Lake Eric, PA 90167"
57563,Kevin Lam,46,4607.65,3,"5329 Davis Meadow
Lanestad, CA 07340"
4590,Kristin Buck,24,4923.69,3,"8030 Miller Forges
Port Justinchester, WA 14282"
68712,Brian Mays,40,5727.47,1,"346 Danny Fort
Karenville, WI 98939"
37598,Maria Barber,59,2935.2,3,"686 Monroe Plains
Lake Jamesview, KY 56789"
26447,Patricia Osborn,55,5391.22,2,"391 Eduardo Court Suite 938
New Michael, GA 54415"
16959,Michael Giles,32,4370.43,1,"256 Davis Point
West Cassidyside, CA 75703"
11352,Kelsey Hughes,21,4301.43,3,"2797 Jackson Mill Apt. 811
Jonestown, MI 37962"
51569,Haley Hill,24,4524.87,1,"513 Campbell Brooks Apt. 935
South Jessicaview, NY 09142"
79359,Keith Myers,36,4899.39,1,"1146 Sanchez Park Apt. 092
North Juliashire, WI 26124"
56589,Allen Martin,40,3127.5,2,"669 Richardson Village Apt. 953
Schroederburgh, WY 81445"
69366,Matthew Webster,46,3264.88,1,"07061 Anderson Views Suite 500
Stevenmouth, NY 47187"
4440,Jack Donovan,56,5335.82,4,"31532 Tim Fields Suite 002
Jenniferside, VI 49764"
72277,Jennifer Williams,60,5534.63,1,"967 Holmes Curve
North Ronaldmouth, ID 43227"
86029,Mr. Logan Jenkins DVM,41,4258.38,1,"66285 Bolton Spur
East Nicholasstad, PA 12552"
2577,Lisa Romero,46,4614.07,3,"5752 Erin Prairie
New Jesseberg, KY 54929"
14276,Cody Fitzpatrick,30,2558.91,1,"19340 Jackson Port Suite 541
South Robertmouth, CT 11789"
41553,Amber Ryan,55,4575.21,3,"USNV Collins
FPO AP 10208"
1627,Ashley Francis,59,3984.93,3,"80523 Savannah Rue Apt. 831
Toddland, MP 71043"
28951,Heather Fry,43,3985.84,2,"113 Kimberly Knolls Suite 214
Elizabethport, VT 08743"
62844,Anthony Sawyer,34,5228.96,1,"75335 Adams Gateway Apt. 593
West Shane, NM 19308"
6227,Charles Russo,56,3906.21,2,"04805 Michelle Ridges
Rivaston, NC 89861"
15373,James Wiley,30,4104.85,2,"281 Nguyen Burgs Apt. 398
Angelachester, GA 39314"
62800,Sandra May,31,3972.39,5,"239 Taylor Loaf
West Allison, VI 25376"
76335,Ashley Dalton,20,2544.57,3,"8728 Jennifer Coves Suite 544
South Victoriaton, WI 76419"
30854,Joseph Johnson,21,4911.45,3,"9958 Wilson Villages
Russellside, AS 73861"
54485,Joshua Levy,47,5142.24,1,"60476 Tyler Neck Apt. 743
Davisville, CA 87269"
67734,Jason Duarte,35,3512.98,1,"62864 Jackson Lakes
North Austin, AR 74879"
63157,Jon Thomas,23,2789.61,4,"786 Wendy Rapids
Tranmouth, NJ 03203"
64143,Cheryl Miller,54,4850.61,1,"9783 Donna Shore
Williamberg, AK 28342"
23716,Charles Simmons,58,2983.48,5,"496 Morgan Club Apt. 957
Ryanview, AR 70899"
25563,Patricia Ramos,45,2667.98,4,"Unit 1651 Box 1708
DPO AP 28264"
98054,Jacob Williams,31,3112.7,5,"63650 Lauren Mill Apt. 007
Dickersonborough, AR 67046"
28505,Mark Huang,30,4295.5,3,"948 Fisher Meadow Apt. 956
Fosterchester, NC 37463"
88637,Jacqueline Bell,46,4370.14,3,"1001 Cruz Stream Apt. 761
Lake Jasontown, NC 12805"
62055,Michael Harris,27,3878.86,3,"865 Arnold Heights
Madelinemouth, FM 40269"
98082,Lisa Hernandez,50,4099.82,1,"4465 Mitchell Crest
Lake Sharonhaven, VA 46579"
7294,Jennifer Galloway,20,4474.26,4,"215 Smith Vista
Paulview, GA 87897"
28271,Shannon Freeman,47,3624.18,5,"69962 Carpenter Springs Suite 980
Hamptonberg, KY 83922"
31393,Erin Rodriguez,47,4483.27,4,"277 Cox Lake
East Jeremy, WY 50037"
81474,Julie Ryan,31,4624.31,2,"555 Steven Mill
Lake Maria, CT 48887"
67136,Ryan Carpenter,34,2609.29,5,"02693 Brown Mission Apt. 455
West Bobby, WV 21418"
23034,Mark Phillips,60,3534.34,2,"01239 George Ridges
West Brandonville, MA 86020"
11408,Heather Barnes,25,5692.8,3,"1546 Maxwell Highway
West Betty, MA 68726"
39642,Sheri Murphy,42,4423.86,2,"872 Carlson Road Suite 528
Margaretfurt, FL 20766"
60639,Matthew Pena,42,4846.17,2,"930 Jeffrey Circle Suite 083
Gonzalesburgh, AR 71460"
53487,Mrs. Maria Martin,23,4296.46,1,"072 Shannon Spurs
Markland, AL 27447"
23272,Omar Rogers,24,3149.39,4,"6023 Maria Key Apt. 157
East Robertchester, MS 40827"
33393,Travis Reeves MD,39,5969.6,1,"082 Wilkins Glens Apt. 801
New Julia, KY 26294"
61769,Anthony Lee,51,5731.78,3,"029 Tyler Court Apt. 044
Lake Karen, NC 42120"
81701,Jessica Jackson,46,4797.77,2,"6332 Melanie Turnpike Suite 692
Lauraview, IL 01306"
35580,Eric Harris,45,4893.49,3,"USCGC Elliott
FPO AP 78537"
77148,Daniel Velasquez,27,5739.9,4,"0405 Kurt Bridge Suite 389
North Mitchellport, ID 54212"
476,Kaitlin Brown,21,4912.08,1,"6924 Robinson Bridge Apt. 635
Paulstad, MH 18697"
97378,Rebecca Wilson,30,2516.18,3,"39070 Justin Oval Suite 844
Heatherport, SD 53593"
39203,Benjamin Jefferson,23,5762.56,3,"3393 Young Overpass Suite 498
North Philiphaven, IA 18670"
58427,Juan Bryan,47,5504.13,2,"10618 Katherine Parkway Apt. 440
Bowersburgh, NV 19913"
19799,Johnny Casey,22,3778.57,3,"6030 Patterson Avenue
New Grace, KY 24561"
79850,Daniel Garcia,34,5577.9,1,"388 Burke Summit
Danielport, LA 03693"
13858,Jason Johnson,56,5837.74,1,"61810 Jessica Vista
Lake Andrew, PR 67563"
86563,Kelsey Horn,60,4650.44,5,"718 Victoria Key Suite 144
East Steven, LA 32892"
17345,Heather Richardson,33,5731.14,3,"PSC 6292, Box 2644
APO AA 56364"
54567,Katherine Mclaughlin,20,3820.4,4,"64365 Crawford Summit Apt. 142
Roachview, MA 51985"
5904,Miranda Hutchinson,50,2832.84,2,"Unit 7331 Box 1264
DPO AE 83029"
87676,Derrick Schaefer,39,4427.77,2,"29594 Miller Path
East Derekbury, VI 73407"
89676,William Moore,36,4447.43,2,"32511 Hall Junctions
Lake Dennischester, PR 99850"
50073,Kristin Reyes,40,3205.3,1,"8750 Jeffrey Locks
Mclaughlinburgh, WI 33129"
53354,Allen Sellers,36,5099.0,3,"Unit 9560 Box 7500
DPO AP 84621"
85721,Victoria Baldwin,46,3515.58,2,"9589 Diaz Wells Suite 842
Port Carla, MD 94168"
75117,Frederick Meadows,41,5898.58,3,"45856 Solis Vista
North Amber, LA 33557"
81074,Dominique Wolf,57,2923.01,1,"3713 Sandoval Mountains Suite 010
Port Nancyberg, MS 12890"
79920,Barbara Hill,45,4997.29,4,"Unit 9508 Box 7033
DPO AA 17295"
1444,George Ferguson,52,2858.04,3,"PSC 6976, Box 3535
APO AA 01918"
70225,Michael Ramos,39,3162.47,1,"8362 Scott Ports Suite 186
Christinamouth, AR 45030"
89713,Amber Williams,25,4300.65,2,"6079 Lisa Glen Apt. 500
Johnchester, HI 26537"
46792,Mr. Joseph Howard Jr.,29,5210.78,5,"1940 Peterson Manor
North Katherineland, TN 76834"
48730,Susan Gray,39,5553.7,1,"USS Vincent
FPO AP 55058"
91391,Erica Bauer,41,2574.52,3,"01863 Lisa Trail Apt. 181
Erinfort, NE 68252"
50103,James Conway,20,5244.31,5,"43808 Lane Center
Andrewstad, SC 96525"
57835,Jacqueline Jackson,39,3572.37,1,"70014 Linda Highway
East Teresaville, PW 27208"
39550,Eric Moore,44,3893.21,1,"439 Karen Radial Apt. 875
South James, KY 85494"
70,Randy Gregory,45,4042.87,5,"494 Ronald Squares
Melissaport, PW 80002"
66881,Terry Walker,44,4935.61,4,"PSC 7665, Box 2554
APO AA 49378"
70913,Seth Baker,28,5131.52,5,"50297 Bird Camp
New Jennifer, SD 14284"
59885,Stephanie Berry,53,3864.94,5,"1910 Henry Springs
New Sharon, MS 15086"
4301,Timothy Wright,53,3479.77,2,"968 Ralph Mall
Lake Jose, TX 19251"
51508,Timothy Davis,30,2885.35,5,"2034 Maria Roads
East Kelly, NJ 96504"
34651,Christine White,32,5954.14,4,"694 Underwood Valleys Apt. 924
Michellebury, NV 29494"
51926,Wesley Johnson,45,4986.5,1,"7022 Crawford Islands Suite 925
West John, GA 90620"
79448,Laura Alexander,32,5779.03,3,"28032 Emily Pike
New Robertborough, SC 42489"
34287,Nathan Powell,46,4326.59,3,"6131 Sarah Forge Suite 712
New Samanthaville, ID 35073"
79098,Jose Rose,40,2709.06,2,"PSC 4042, Box 6811
APO AP 68172"
26493,Nicolas Hale,60,5359.62,1,"69935 Gallagher Key Apt. 929
West William, VA 35268"
42257,Amber Ward,28,5143.08,4,"406 Angela Isle
Port Michael, OK 23466"
83524,Lucas Price,57,4611.92,1,"PSC 7317, Box 1310
APO AA 15252"
86624,Karen Jones,49,4257.19,3,"9673 Garcia Hills
Heatherchester, LA 93049"
66405,Cynthia Richard,55,3017.75,4,"5657 Fernando Fields Apt. 555
Avilachester, PA 94970"
61804,Scott Lawrence,54,2617.69,5,"749 Tracy Wells Apt. 051
Lake Robertland, KS 89124"
32799,Christine Jones,39,3743.03,5,"05210 Andre Well
Port Angela, MH 11354"
72019,Joseph Nichols,46,5203.54,5,"07262 Jackson Keys Suite 181
Port Vanessabury, ME 90635"
56532,Ronnie Brown,60,2621.53,4,"9266 Drake Gateway
Greeneburgh, NM 73981"
43039,William Morrison,21,3537.84,1,"4605 Kimberly Creek
West Charles, NH 69675"
59969,Michael Perry,60,3150.61,5,"6350 Martin Oval
Jorgeborough, WV 63600"
69169,Randy Rose,37,3754.7,2,"09489 Gina Circles Apt. 661
Port Brian, NJ 94886"
48588,Erin Collier,34,5317.78,1,"27442 Megan Pines Suite 772
Nguyenmouth, MT 24097"
80223,Antonio Welch,56,5516.32,1,"817 Humphrey Drives
New Jenniferchester, ME 44450"
98420,Leslie Evans,56,3043.1,1,"Unit 0964 Box 0447
DPO AP 64563"
56390,Todd Baker,52,3900.61,3,"76237 Benjamin Gardens Suite 019
Kimberlyport, ME 35305"
76489,Erin Alexander,47,3848.71,3,"594 Orr Canyon
Colemanfort, MI 31292"
80885,Jennifer House,40,3535.97,3,"940 Lewis Prairie Suite 900
New Nathaniel, ME 20830"
16007,Sandra Mason,56,4829.24,2,"440 Chen Prairie Apt. 221
East Ryan, IL 59824"
13815,Jason Delgado MD,45,3755.93,1,"5799 Vargas Manor
Thomasburgh, PW 56020"
32114,Angel Beck,41,5964.03,1,"018 Sanchez Loop
Jameston, CT 66996"
16758,Daniel Davis,37,4022.26,4,"PSC 6004, Box 8110
APO AA 22047"
45936,Angela Dixon,41,2507.28,3,"50698 Jennifer Pass Suite 926
Cartertown, WI 51826"
57465,Walter Livingston,50,2915.29,2,"514 Curtis Turnpike
Beckertown, IL 79045"
82147,Abigail Hancock,39,3582.14,1,"9637 Denise Squares
Lake Meagan, DC 02374"
15321,Kelly Lawson,45,3321.81,2,"89210 Williams Port Suite 440
Lake Kevin, WA 13490"
74992,Timothy Mendoza,56,4414.19,3,"3614 Gonzalez Rapid
Raymondburgh, MD 79488"
49754,Jonathan Stewart,20,4356.18,1,"3594 Hendricks Union Suite 235
Marieside, TX 01890"
84396,Anthony Dennis,47,4793.31,3,"948 Carolyn Union
New Michael, PW 23085"
20319,John Griffith,58,3883.97,2,"836 Williams Flats Apt. 918
Margaretfurt, WY 74208"
409,Matthew Carr,59,5774.92,5,"3289 Ryan Isle Suite 918
New Patrickshire, NH 52079"
12346,Stephen Hardy,34,4416.32,5,"772 Dominguez Crest Suite 755
New Erica, MP 62493"
5952,Joshua Sanchez,50,5392.2,5,"8947 Moore Radial Suite 853
Josephton, NC 56392"
68249,David Bender,31,3980.6,4,"4203 Cunningham Brooks Suite 470
South Johnview, GA 01369"
45114,Denise Jackson,23,5784.72,2,"9315 Ryan Trail Apt. 729
North Robert, IA 24245"
99723,Jason Cowan,44,3784.59,1,"61698 Amy Lodge Apt. 601
West Charles, MT 61314"
96961,Amy Mitchell,58,4903.58,1,"70957 Jenkins Mission Suite 043
East Sonyabury, LA 32392"
22997,Curtis Knight,47,4161.97,1,"927 Johnson Circles
New Ryan, CT 88917"
57718,Mr. Garrett Gardner,47,2634.42,4,"PSC 3216, Box 2149
APO AP 32530"
65407,Mariah Olsen,50,2583.96,2,"3021 Eric Lodge Apt. 897
Tonyachester, SD 07782"
7690,Travis Patel,51,4052.44,4,"7629 Herman Ridges Apt. 906
North Taylor, KY 10670"
88110,Thomas Robinson,27,3866.87,4,"47707 Regina Spurs Apt. 849
Davidfort, ND 70784"
39435,James Finley,49,3634.57,1,"402 Lisa Circles Apt. 238
Port Adam, AS 39561"
50812,Michelle Flowers,36,3110.85,2,"217 Davis Via
New Amy, OH 27281"
49205,Connie Ramirez,53,3680.18,4,"00418 Boyd Harbor Suite 040
New Eric, AZ 55753"
50335,Alyssa Schwartz,23,3977.88,4,"1458 Amanda Mills Apt. 363
North Victoria, GU 71617"
79117,Ashley Ortiz,20,3230.4,2,"54911 Mackenzie Extensions
South Ashleyland, UT 53365"
88401,Tammy Phillips,60,4549.9,2,"46707 Butler Ranch Apt. 552
North Anita, RI 51246"
30811,Shelley Torres,42,3284.99,4,"70391 Erin Spurs Apt. 866
North Brendaville, WY 57932"
66707,Taylor Barr,36,4136.77,3,"2657 Steven Track
Loriberg, FL 53557"
37720,Reginald Green,38,3594.39,1,"87101 Espinoza Divide
North Louis, GU 29480"
20993,Ashley Smith,33,4039.47,1,"522 Mccoy Walk Suite 156
South Jameston, OK 00630"
73654,Michael Taylor,38,3735.57,3,"972 Perez Plains Suite 239
Gregorybury, WV 44239"
34784,Thomas Powell,46,5132.03,2,"520 Nancy Burgs
South Jay, NH 28535"
29832,Janice Monroe,24,3202.13,1,"5158 Ford Courts Suite 242
Port Phillip, AS 02688"
60534,Erin Pierce,24,2504.68,2,"13129 Lee Overpass
North Jillian, ND 95299"
40730,Duane Rodriguez,34,4652.18,5,"589 Judy Stravenue Apt. 617
South Mandy, MD 88355"
59323,Danielle Davies,59,3469.98,2,"5425 Caleb Burg
Evansside, AZ 85772"
5492,Jasmine Mcbride DVM,38,5923.55,3,"Unit 9026 Box 5914
DPO AP 67172"
37333,Christina Whitehead,23,5058.98,2,"613 Aguirre Run
Chasechester, UT 77995"
95995,Amanda Guerrero,28,5260.85,1,"167 Wolf Point
Patrickport, NJ 46062"
2795,Derrick Mendez,21,2889.23,1,"694 Nicholas Overpass
Stanleystad, NV 30586"
46279,Anthony Gonzalez,47,2702.65,5,"5991 Chambers Row
Boothside, PR 81377"
15886,Christian Kent DVM,25,3378.5,5,"568 Mark Land Suite 031
Jensenview, LA 47297"
44912,Megan Johnson,47,3740.78,4,"287 Teresa Trail Apt. 831
Port Andrew, MI 12773"
24704,William Yang,30,3059.72,4,"61057 Davis Walk
Liuport, WY 47125"
13842,Matthew Evans,51,2978.37,1,"21483 Wallace Cliff Suite 525
Sarahton, VA 65994"
30016,Kristi Wang,27,3138.62,4,"19902 Anderson Summit
Noahfort, PA 04084"
13864,Sarah Jacobs,47,5511.47,2,"82687 Timothy Gateway
South Markview, CO 34770"
24716,Bryan Gonzalez,40,2981.42,5,"837 Shannon Parkway
Lake Jeffrey, WI 85752"
94850,Jennifer Anderson,49,4238.18,3,"8784 Cynthia Canyon Suite 360
North Lisa, NY 98968"
47049,Brent Liu,27,3249.74,4,"42655 Noble Ford Suite 418
Erinton, OH 93859"
27060,Steven Doyle,51,3263.52,1,"Unit 8279 Box 4804
DPO AE 61421"
90698,Brittany Young,36,5931.12,4,"171 Courtney Lakes
Baldwinfurt, MD 92296"
40962,Emily Bowman,57,4978.04,3,"73544 Alison Forge
Richardville, MP 22729"
18025,Karen Washington,47,4818.87,5,"02849 Riley Shoal
South Katieberg, AK 24301"
34082,Connie Gonzalez,22,3366.8,5,"578 Johnson Ford
East Timothymouth, MS 56086"
59692,Laura Campbell,57,2543.56,3,"25255 Ronald Course Suite 363
New Jasonview, GA 21355"
77972,Carrie Reed,31,4492.83,3,"325 Jill Crescent
Lisatown, WA 40151"
58681,Jerry Wagner,23,4386.07,5,"510 Joseph Squares Suite 239
South Anneburgh, HI 28603"
92240,Jennifer Snow,35,5903.68,4,"USNS Rosario
FPO AP 00783"
3987,Timothy Hernandez,38,2582.68,5,"527 Trevor Groves Apt. 435
Dillonport, NV 42721"
55036,Rebecca Roberts,39,5222.09,1,"9241 Davis Lock
North Benjamin, RI 57347"
59831,Stephanie Hall,57,4318.01,5,"2686 Booth Via Suite 844
Jamesport, MP 43277"
80426,Caleb Taylor,39,2666.26,5,"239 Jones Dam
New Matthewport, SD 63003"
55624,Laura Torres,54,3875.79,4,"92286 Garcia Lane Apt. 440
East Robin, WV 98788"
1528,Deanna Lewis,30,5305.04,1,"4670 Laura Mountain Suite 798
South Davidmouth, AZ 17978"
77633,Jacqueline Valdez,55,5258.52,2,"626 Nathaniel Drive Apt. 881
Lake Darrellstad, HI 98160"
61626,Nicole Brown,45,5132.45,5,"16992 Gardner Avenue Apt. 231
Lake Mary, PW 65741"
96940,Christopher Ross,58,3296.38,5,"89267 Colon View
East Carlos, MO 15154"
97617,Julie Koch,22,3938.86,2,"796 Ford Motorway Suite 983
Port Geraldville, OH 21575"
7013,Jeffrey Petersen,51,3356.01,4,"0771 Combs Isle Suite 508
Port Alexandria, MN 89918"
99089,Patricia Patton,60,3154.25,2,"01163 Bobby Vista Apt. 727
Lake Cathy, WA 83086"
86036,Brenda Armstrong,39,2597.32,5,"82021 Nicholas Plaza
North Debra, IA 94786"
53953,Michael Alvarado,38,4910.79,2,"840 Willis Brooks
Bakerside, OK 76953"
33801,Shane Graham,32,4923.43,5,"080 Jeremy Bridge Apt. 393
Aaronmouth, VT 80937"
79880,Brent Green,53,3721.94,3,"USCGC Hampton
FPO AP 95623"
37440,Patrick Stewart,22,2853.0,4,"411 William Walks Suite 953
North Charles, NV 84162"
68131,Charles Brown,40,5397.77,4,"6920 Brian Crescent
South Anneview, VI 44882"
48823,Jeanne Hamilton,38,4017.03,3,"63778 Blankenship Views Suite 007
East Alan, PR 89875"
2809,Edgar Fischer IV,33,3383.53,1,"Unit 7140 Box 5693
DPO AE 67583"
88656,Allen Ferguson,33,4318.7,1,"7579 Burton Knoll Suite 935
Masonview, MD 77174"
74170,Matthew Pruitt,31,3287.96,5,"USS Santiago
FPO AE 89474"
56922,Elizabeth Medina,25,2856.36,4,"86856 Morgan Neck Apt. 079
Benderburgh, WI 34454"
67107,Gary Nelson,41,2528.37,2,"8670 Webb Forge Suite 194
Josephshire, LA 95915"
5183,Alexis Schroeder,50,2723.73,1,"2692 Turner Lights Suite 483
Harrisfort, MO 62475"
58773,Christina Sims,60,4206.66,5,"8802 Johnson Ridges
Rodriguezfurt, OR 99120"
95921,Eric Lopez,57,4319.31,4,"PSC 0168, Box 0358
APO AA 42113"
78918,Teresa Brady,32,4458.04,5,"8232 Dominguez Cliff
Lake Mariaside, SC 37477"
97639,John Brown,43,4219.94,4,"4326 Mary Trafficway Suite 187
Lake Samanthachester, NE 74372"
60420,Lisa Davis,28,2790.83,2,"428 Matthew Mount
Lake Codyfort, MA 69832"
21349,Michael Jackson,32,4957.27,4,"12614 Natalie Throughway Suite 204
North Kyleton, OK 16281"
20340,Molly Cobb,60,5771.06,3,"PSC 5111, Box 2856
APO AE 90017"
99561,Angelica Lopez,57,4213.89,2,"11185 Gina Skyway
Leemouth, AS 42381"
98165,Marc Williams,47,4413.77,1,"476 Morrison Rue Apt. 477
Christopherchester, OK 58902"
63125,Maria Rivas,31,4258.34,5,"7591 Megan Locks Suite 140
Dylanview, OK 59635"
68169,Tiffany Tucker,39,4870.41,1,"952 Noah Shoal Apt. 466
West Cassandramouth, CT 75405"
55166,Jennifer Robinson,37,3517.4,2,"18923 Lee Landing Apt. 127
Port Crystalfort, NV 64872"
6735,Dr. Anna Bennett,58,2594.34,4,"USS King
FPO AP 54833"
96533,Cindy Tapia,53,3835.03,5,"78522 Kristy Summit
Lake John, MN 40985"
73677,Steven Lindsey,45,3971.63,1,"5270 Julia Island Apt. 014
Sawyerview, IN 34662"
14127,Kristina Sanchez,34,4738.63,4,"82948 Christopher Meadow Apt. 853
Lake Rebecca, NM 21707"
13580,Katherine Owen,45,4202.41,1,"4790 Lisa Field Apt. 697
East Jacob, DC 50494"
13328,Jeffrey Kramer,45,5266.11,2,"05085 Roy Squares Apt. 077
New Daniel, MO 59558"
39759,John Woods,31,4461.95,5,"3754 Andrew Station
South Julia, CT 95611"
4746,Shane Floyd,57,5064.54,4,"USS Gross
FPO AP 50524"
